group_id	winner_split	representative	members	left_split	left_source	left_image	left_scene_key	right_split	right_source	right_image	right_scene_key	d4_index	d4_transform	coarse_corr	confirm_corr	ssim
d4_group_0001	val_clean	roboflow_drago_v1_683_jpg.rf.9a4806cd8375b3976e06af8365895d5c.jpg	train_clean:roboflow_drago_v1_196_jpg.rf.f2cbd056e0e6c2796b81e5637b105930.jpg | val_clean:roboflow_drago_v1_683_jpg.rf.9a4806cd8375b3976e06af8365895d5c.jpg	train_clean	roboflow_drago_v1	roboflow_drago_v1_196_jpg.rf.f2cbd056e0e6c2796b81e5637b105930.jpg	roboflow_drago_v1::roboflow_drago_v1_196_jpg	val_clean	roboflow_drago_v1	roboflow_drago_v1_683_jpg.rf.9a4806cd8375b3976e06af8365895d5c.jpg	roboflow_drago_v1::roboflow_drago_v1_683_jpg	0	rot0	0.999640397940	0.996445583751	0.986520166508
d4_group_0002	val_clean	roboflow_drago_v1_172_jpg.rf.11c06eb42a75712b1ba0b992af40bb4e.jpg	train_clean:roboflow_drago_v1_223_jpg.rf.e2f3ecf6fdccb0180c91358a5530de60.jpg | val_clean:roboflow_drago_v1_172_jpg.rf.11c06eb42a75712b1ba0b992af40bb4e.jpg	train_clean	roboflow_drago_v1	roboflow_drago_v1_223_jpg.rf.e2f3ecf6fdccb0180c91358a5530de60.jpg	roboflow_drago_v1::roboflow_drago_v1_223_jpg	val_clean	roboflow_drago_v1	roboflow_drago_v1_172_jpg.rf.11c06eb42a75712b1ba0b992af40bb4e.jpg	roboflow_drago_v1::roboflow_drago_v1_172_jpg	6	rot270	0.999925104468	0.998438452830	0.983779386099
d4_group_0003	val_clean	roboflow_drago_v1_222_jpg.rf.14537528471e9c96b6c6a8fff28cef1e.jpg	train_clean:roboflow_drago_v1_261_jpg.rf.03d6391694dceca1ef020ef6b402d94e.jpg | train_clean:roboflow_drago_v1_261_jpg.rf.47569d2dea91b4dfda8d2f6cc6a7ba8d.jpg | train_clean:roboflow_drago_v1_261_jpg.rf.cc56868f7ac99cf56a2275b59a769fda.jpg | val_clean:roboflow_drago_v1_222_jpg.rf.14537528471e9c96b6c6a8fff28cef1e.jpg	train_clean	roboflow_drago_v1	roboflow_drago_v1_261_jpg.rf.03d6391694dceca1ef020ef6b402d94e.jpg	roboflow_drago_v1::roboflow_drago_v1_261_jpg	val_clean	roboflow_drago_v1	roboflow_drago_v1_222_jpg.rf.14537528471e9c96b6c6a8fff28cef1e.jpg	roboflow_drago_v1::roboflow_drago_v1_222_jpg	4	rot180	0.999714127559	0.995733290229	0.970209219512
d4_group_0003	val_clean	roboflow_drago_v1_222_jpg.rf.14537528471e9c96b6c6a8fff28cef1e.jpg	train_clean:roboflow_drago_v1_261_jpg.rf.03d6391694dceca1ef020ef6b402d94e.jpg | train_clean:roboflow_drago_v1_261_jpg.rf.47569d2dea91b4dfda8d2f6cc6a7ba8d.jpg | train_clean:roboflow_drago_v1_261_jpg.rf.cc56868f7ac99cf56a2275b59a769fda.jpg | val_clean:roboflow_drago_v1_222_jpg.rf.14537528471e9c96b6c6a8fff28cef1e.jpg	train_clean	roboflow_drago_v1	roboflow_drago_v1_261_jpg.rf.47569d2dea91b4dfda8d2f6cc6a7ba8d.jpg	roboflow_drago_v1::roboflow_drago_v1_261_jpg	val_clean	roboflow_drago_v1	roboflow_drago_v1_222_jpg.rf.14537528471e9c96b6c6a8fff28cef1e.jpg	roboflow_drago_v1::roboflow_drago_v1_222_jpg	0	rot0	0.999909894186	0.999517637371	0.994674987561
d4_group_0003	val_clean	roboflow_drago_v1_222_jpg.rf.14537528471e9c96b6c6a8fff28cef1e.jpg	train_clean:roboflow_drago_v1_261_jpg.rf.03d6391694dceca1ef020ef6b402d94e.jpg | train_clean:roboflow_drago_v1_261_jpg.rf.47569d2dea91b4dfda8d2f6cc6a7ba8d.jpg | train_clean:roboflow_drago_v1_261_jpg.rf.cc56868f7ac99cf56a2275b59a769fda.jpg | val_clean:roboflow_drago_v1_222_jpg.rf.14537528471e9c96b6c6a8fff28cef1e.jpg	train_clean	roboflow_drago_v1	roboflow_drago_v1_261_jpg.rf.cc56868f7ac99cf56a2275b59a769fda.jpg	roboflow_drago_v1::roboflow_drago_v1_261_jpg	val_clean	roboflow_drago_v1	roboflow_drago_v1_222_jpg.rf.14537528471e9c96b6c6a8fff28cef1e.jpg	roboflow_drago_v1::roboflow_drago_v1_222_jpg	6	rot270	0.999855763466	0.998371357172	0.986738361400
d4_group_0004	val_clean	roboflow_drago_v1_664_jpg.rf.2575bbe565ee3dceaff6fec276f5bc0b.jpg	train_clean:roboflow_drago_v1_31_jpg.rf.18bdc815d24f35367b0e43e41406fc4e.jpg | train_clean:roboflow_drago_v1_31_jpg.rf.5da74d0ee2a34ca1be16219433d1c70c.jpg | train_clean:roboflow_drago_v1_31_jpg.rf.d966d0a0fa3fc4dc817eeae3f1b39f37.jpg | val_clean:roboflow_drago_v1_664_jpg.rf.2575bbe565ee3dceaff6fec276f5bc0b.jpg	train_clean	roboflow_drago_v1	roboflow_drago_v1_31_jpg.rf.18bdc815d24f35367b0e43e41406fc4e.jpg	roboflow_drago_v1::roboflow_drago_v1_31_jpg	val_clean	roboflow_drago_v1	roboflow_drago_v1_664_jpg.rf.2575bbe565ee3dceaff6fec276f5bc0b.jpg	roboflow_drago_v1::roboflow_drago_v1_664_jpg	0	rot0	0.999969995111	0.999472649194	0.992631107459
d4_group_0004	val_clean	roboflow_drago_v1_664_jpg.rf.2575bbe565ee3dceaff6fec276f5bc0b.jpg	train_clean:roboflow_drago_v1_31_jpg.rf.18bdc815d24f35367b0e43e41406fc4e.jpg | train_clean:roboflow_drago_v1_31_jpg.rf.5da74d0ee2a34ca1be16219433d1c70c.jpg | train_clean:roboflow_drago_v1_31_jpg.rf.d966d0a0fa3fc4dc817eeae3f1b39f37.jpg | val_clean:roboflow_drago_v1_664_jpg.rf.2575bbe565ee3dceaff6fec276f5bc0b.jpg	train_clean	roboflow_drago_v1	roboflow_drago_v1_31_jpg.rf.5da74d0ee2a34ca1be16219433d1c70c.jpg	roboflow_drago_v1::roboflow_drago_v1_31_jpg	val_clean	roboflow_drago_v1	roboflow_drago_v1_664_jpg.rf.2575bbe565ee3dceaff6fec276f5bc0b.jpg	roboflow_drago_v1::roboflow_drago_v1_664_jpg	6	rot270	0.999654985707	0.995200675158	0.966806352609
d4_group_0004	val_clean	roboflow_drago_v1_664_jpg.rf.2575bbe565ee3dceaff6fec276f5bc0b.jpg	train_clean:roboflow_drago_v1_31_jpg.rf.18bdc815d24f35367b0e43e41406fc4e.jpg | train_clean:roboflow_drago_v1_31_jpg.rf.5da74d0ee2a34ca1be16219433d1c70c.jpg | train_clean:roboflow_drago_v1_31_jpg.rf.d966d0a0fa3fc4dc817eeae3f1b39f37.jpg | val_clean:roboflow_drago_v1_664_jpg.rf.2575bbe565ee3dceaff6fec276f5bc0b.jpg	train_clean	roboflow_drago_v1	roboflow_drago_v1_31_jpg.rf.d966d0a0fa3fc4dc817eeae3f1b39f37.jpg	roboflow_drago_v1::roboflow_drago_v1_31_jpg	val_clean	roboflow_drago_v1	roboflow_drago_v1_664_jpg.rf.2575bbe565ee3dceaff6fec276f5bc0b.jpg	roboflow_drago_v1::roboflow_drago_v1_664_jpg	2	rot90	0.999928924036	0.998135932556	0.981650483150
d4_group_0005	val_clean	roboflow_drago_v1_122_jpg.rf.15a0773b516816b3d33dfb100207a524.jpg	train_clean:roboflow_drago_v1_708_jpg.rf.8f06de367609af0ceb65cfa5e459ced4.jpg | val_clean:roboflow_drago_v1_122_jpg.rf.15a0773b516816b3d33dfb100207a524.jpg	train_clean	roboflow_drago_v1	roboflow_drago_v1_708_jpg.rf.8f06de367609af0ceb65cfa5e459ced4.jpg	roboflow_drago_v1::roboflow_drago_v1_708_jpg	val_clean	roboflow_drago_v1	roboflow_drago_v1_122_jpg.rf.15a0773b516816b3d33dfb100207a524.jpg	roboflow_drago_v1::roboflow_drago_v1_122_jpg	0	rot0	0.999991519829	0.999881587645	0.997087248718
