scope	source_split	source	source_image	image	label	instances	scene_key	image_sha256	reason	conflicts_with	representative
base_dataset	train	roboflow_drago_v1	Watermelon Detector.v1i.coco-segmentation\train\100_jpg.rf.7ba4408734835163cffc263e485a34fc.jpg	roboflow_drago_v1_100_jpg.rf.7ba4408734835163cffc263e485a34fc.jpg	roboflow_drago_v1_100_jpg.rf.7ba4408734835163cffc263e485a34fc.txt	1	roboflow_drago_v1::roboflow_drago_v1_100_jpg	0f7219bdef1898cd2b75786910efcaa5a9f53c534efa58da5fe9b0350d2355cc	protected_test_scene_and_sha256	test	
base_dataset	train	roboflow_drago_v1	Watermelon Detector.v1i.coco-segmentation\train\100_jpg.rf.a9b8f5ea358e7091996b75a38e3eae49.jpg	roboflow_drago_v1_100_jpg.rf.a9b8f5ea358e7091996b75a38e3eae49.jpg	roboflow_drago_v1_100_jpg.rf.a9b8f5ea358e7091996b75a38e3eae49.txt	1	roboflow_drago_v1::roboflow_drago_v1_100_jpg	72e883e023e01248e20322b09c28b2f2d6af4ade912f0b1f491c2bbcd075d3fc	protected_test_scene	test	
base_dataset	train	roboflow_drago_v1	Watermelon Detector.v1i.coco-segmentation\train\118_jpg.rf.529c0550299427dc934a6379778b963c.jpg	roboflow_drago_v1_118_jpg.rf.529c0550299427dc934a6379778b963c.jpg	roboflow_drago_v1_118_jpg.rf.529c0550299427dc934a6379778b963c.txt	1	roboflow_drago_v1::roboflow_drago_v1_118_jpg	b751eda89adf552ec1c5ea006834aa99c6564287ee40e119dffe20e8a1be867e	exact_duplicate_within_train	train_clean	roboflow_drago_v1_118_jpg.rf.2ab1a59ccfa374697ff4683a8a7b9b27.jpg
base_dataset	train	roboflow_drago_v1	Watermelon Detector.v1i.coco-segmentation\train\127_jpg.rf.622bcfc16e4d15b4f3b64207182996c5.jpg	roboflow_drago_v1_127_jpg.rf.622bcfc16e4d15b4f3b64207182996c5.jpg	roboflow_drago_v1_127_jpg.rf.622bcfc16e4d15b4f3b64207182996c5.txt	2	roboflow_drago_v1::roboflow_drago_v1_127_jpg	45c0df955566db630a7ed1108658cd5a3e3e287db54f8dfd31d52fb1d6613b9d	protected_test_scene_and_sha256	test	
base_dataset	train	roboflow_drago_v1	Watermelon Detector.v1i.coco-segmentation\train\127_jpg.rf.8fee911f3d6254a0809ddba4359de092.jpg	roboflow_drago_v1_127_jpg.rf.8fee911f3d6254a0809ddba4359de092.jpg	roboflow_drago_v1_127_jpg.rf.8fee911f3d6254a0809ddba4359de092.txt	2	roboflow_drago_v1::roboflow_drago_v1_127_jpg	bbe7d00072e495ba80dedd1c7de78d6352abf08d4da3c577e862e77e55b4b4bd	protected_test_scene	test	
base_dataset	train	roboflow_drago_v1	Watermelon Detector.v1i.coco-segmentation\train\136_jpg.rf.b1fabeb5f384848e79cb20c77d5ddf63.jpg	roboflow_drago_v1_136_jpg.rf.b1fabeb5f384848e79cb20c77d5ddf63.jpg	roboflow_drago_v1_136_jpg.rf.b1fabeb5f384848e79cb20c77d5ddf63.txt	1	roboflow_drago_v1::roboflow_drago_v1_136_jpg	93fc8c884bdad1c61f586e621cacb8ebf4cabc60c9aa4d7542239566be869be3	exact_duplicate_within_train	train_clean	roboflow_drago_v1_136_jpg.rf.2fd1d3fa57e17ddc58b2cb0da14eeb0e.jpg
base_dataset	train	roboflow_drago_v1	Watermelon Detector.v1i.coco-segmentation\train\137_jpg.rf.e7ed4d919c58c117dea961e060e61e96.jpg	roboflow_drago_v1_137_jpg.rf.e7ed4d919c58c117dea961e060e61e96.jpg	roboflow_drago_v1_137_jpg.rf.e7ed4d919c58c117dea961e060e61e96.txt	1	roboflow_drago_v1::roboflow_drago_v1_137_jpg	7fe4c1a8714e9932c745802167b1f1603283df2e0a07d642d0bec4fd2b91d0d3	exact_duplicate_within_train	train_clean	roboflow_drago_v1_137_jpg.rf.620c81a7e016943b86a4c039c9baf91b.jpg
base_dataset	train	roboflow_drago_v1	Watermelon Detector.v1i.coco-segmentation\train\139_jpg.rf.91fbd649c608ba9b318bdf895263be97.jpg	roboflow_drago_v1_139_jpg.rf.91fbd649c608ba9b318bdf895263be97.jpg	roboflow_drago_v1_139_jpg.rf.91fbd649c608ba9b318bdf895263be97.txt	1	roboflow_drago_v1::roboflow_drago_v1_139_jpg	3197e9107444463ea563f56ed7539a3698b0be7f9cf8310f0414f2f353bdbfc2	clean_val_scene	val_clean	
base_dataset	train	roboflow_drago_v1	Watermelon Detector.v1i.coco-segmentation\train\145_jpg.rf.70c1051a256ae9316b0e47cfe19a7e28.jpg	roboflow_drago_v1_145_jpg.rf.70c1051a256ae9316b0e47cfe19a7e28.jpg	roboflow_drago_v1_145_jpg.rf.70c1051a256ae9316b0e47cfe19a7e28.txt	1	roboflow_drago_v1::roboflow_drago_v1_145_jpg	dff4b45f738cec86da8af30206ccbcb76165120dbb247e0cf73107273c4a7154	exact_duplicate_within_train	train_clean	roboflow_drago_v1_145_jpg.rf.6765900d5306683d3c6c5fd01278efdc.jpg
base_dataset	train	roboflow_drago_v1	Watermelon Detector.v1i.coco-segmentation\train\154_jpg.rf.061028fde096052bfc715b4a3f4ee739.jpg	roboflow_drago_v1_154_jpg.rf.061028fde096052bfc715b4a3f4ee739.jpg	roboflow_drago_v1_154_jpg.rf.061028fde096052bfc715b4a3f4ee739.txt	1	roboflow_drago_v1::roboflow_drago_v1_154_jpg	f17ac35ff2494699b34a6d2126197c6ce026cb95b27ba7bf482f730f56f403c9	protected_test_scene	test	
base_dataset	train	roboflow_drago_v1	Watermelon Detector.v1i.coco-segmentation\train\157_jpg.rf.a0aa13ef64a3615008c376f9513def17.jpg	roboflow_drago_v1_157_jpg.rf.a0aa13ef64a3615008c376f9513def17.jpg	roboflow_drago_v1_157_jpg.rf.a0aa13ef64a3615008c376f9513def17.txt	1	roboflow_drago_v1::roboflow_drago_v1_157_jpg	3fbae29ad04cb0e70580772e4305e0dba190058d97ecfca6ed5e6735b87f2f6a	clean_val_scene_and_sha256	val_clean	
base_dataset	train	roboflow_drago_v1	Watermelon Detector.v1i.coco-segmentation\train\157_jpg.rf.e4b28f860100e1312d6b2c13744c86ea.jpg	roboflow_drago_v1_157_jpg.rf.e4b28f860100e1312d6b2c13744c86ea.jpg	roboflow_drago_v1_157_jpg.rf.e4b28f860100e1312d6b2c13744c86ea.txt	1	roboflow_drago_v1::roboflow_drago_v1_157_jpg	30b6c6855211a3cb0c998f17e162205d64b21e780f01faae721c7d1dd488f427	clean_val_scene	val_clean	
base_dataset	train	roboflow_drago_v1	Watermelon Detector.v1i.coco-segmentation\train\162_jpg.rf.d5f1cc92d31e44e83ca4c5a412103b78.jpg	roboflow_drago_v1_162_jpg.rf.d5f1cc92d31e44e83ca4c5a412103b78.jpg	roboflow_drago_v1_162_jpg.rf.d5f1cc92d31e44e83ca4c5a412103b78.txt	1	roboflow_drago_v1::roboflow_drago_v1_162_jpg	13f4997e395dca31ccc0131f8cc4dc6bcf92a5660abf69854f136e879ed67754	exact_duplicate_within_train	train_clean	roboflow_drago_v1_162_jpg.rf.0937f1501e60988840d9d27abc381e6c.jpg
base_dataset	train	roboflow_drago_v1	Watermelon Detector.v1i.coco-segmentation\train\165_jpg.rf.481dbd3e33ba7f3eac83db3a1e6313d5.jpg	roboflow_drago_v1_165_jpg.rf.481dbd3e33ba7f3eac83db3a1e6313d5.jpg	roboflow_drago_v1_165_jpg.rf.481dbd3e33ba7f3eac83db3a1e6313d5.txt	1	roboflow_drago_v1::roboflow_drago_v1_165_jpg	cd2d01762069d62f0283e9d57b5b3da299473f0be31bac412874edc3160842d6	exact_duplicate_within_train	train_clean	roboflow_drago_v1_165_jpg.rf.04fa8f509fe0a6d588077645b4c979be.jpg
base_dataset	train	roboflow_drago_v1	Watermelon Detector.v1i.coco-segmentation\train\168_jpg.rf.39306d7d176a3ce1b7c87f56f4e8a28d.jpg	roboflow_drago_v1_168_jpg.rf.39306d7d176a3ce1b7c87f56f4e8a28d.jpg	roboflow_drago_v1_168_jpg.rf.39306d7d176a3ce1b7c87f56f4e8a28d.txt	1	roboflow_drago_v1::roboflow_drago_v1_168_jpg	172f152a79d5283daacbd4e2b9c08680d92d4454198a43fb92490b8b8bb91815	exact_duplicate_within_train	train_clean	roboflow_drago_v1_168_jpg.rf.01888e227526f72971462297ddb1c750.jpg
base_dataset	train	roboflow_drago_v1	Watermelon Detector.v1i.coco-segmentation\train\169_jpg.rf.cfaf33c87645ab95160ce390722af6da.jpg	roboflow_drago_v1_169_jpg.rf.cfaf33c87645ab95160ce390722af6da.jpg	roboflow_drago_v1_169_jpg.rf.cfaf33c87645ab95160ce390722af6da.txt	2	roboflow_drago_v1::roboflow_drago_v1_169_jpg	5771f0a7fefd40cb911ee9886cc7b23fed5b5ffd3819a2f9ab37a79082068ff0	exact_duplicate_within_train	train_clean	roboflow_drago_v1_169_jpg.rf.513794fe995c292f3fbb20e9e559c53f.jpg
base_dataset	train	roboflow_drago_v1	Watermelon Detector.v1i.coco-segmentation\train\172_jpg.rf.d610ffeec1cc56452dca0085e143cde3.jpg	roboflow_drago_v1_172_jpg.rf.d610ffeec1cc56452dca0085e143cde3.jpg	roboflow_drago_v1_172_jpg.rf.d610ffeec1cc56452dca0085e143cde3.txt	1	roboflow_drago_v1::roboflow_drago_v1_172_jpg	46e85cfeb07ecac87a00a2ff4c58af529593dbbd38aa2f64c7bddb21092b7cb1	clean_val_scene	val_clean	
base_dataset	train	roboflow_drago_v1	Watermelon Detector.v1i.coco-segmentation\train\172_jpg.rf.e51559ec94ec78b7bc3129257d65560c.jpg	roboflow_drago_v1_172_jpg.rf.e51559ec94ec78b7bc3129257d65560c.jpg	roboflow_drago_v1_172_jpg.rf.e51559ec94ec78b7bc3129257d65560c.txt	1	roboflow_drago_v1::roboflow_drago_v1_172_jpg	46e85cfeb07ecac87a00a2ff4c58af529593dbbd38aa2f64c7bddb21092b7cb1	clean_val_scene	val_clean	
base_dataset	train	roboflow_drago_v1	Watermelon Detector.v1i.coco-segmentation\train\177_jpg.rf.b7c53909b199aae1fe3aa26b1ed3f66c.jpg	roboflow_drago_v1_177_jpg.rf.b7c53909b199aae1fe3aa26b1ed3f66c.jpg	roboflow_drago_v1_177_jpg.rf.b7c53909b199aae1fe3aa26b1ed3f66c.txt	1	roboflow_drago_v1::roboflow_drago_v1_177_jpg	05c1c448d1858960100a7c4440bcce7d67324fd30cd2c7ddebbe876cd5ceda46	exact_duplicate_within_train	train_clean	roboflow_drago_v1_177_jpg.rf.b53a89e61dd1cc59e727d9bdbd832539.jpg
base_dataset	train	roboflow_drago_v1	Watermelon Detector.v1i.coco-segmentation\train\183_jpg.rf.a67271e95b255f123b841fecff29e828.jpg	roboflow_drago_v1_183_jpg.rf.a67271e95b255f123b841fecff29e828.jpg	roboflow_drago_v1_183_jpg.rf.a67271e95b255f123b841fecff29e828.txt	1	roboflow_drago_v1::roboflow_drago_v1_183_jpg	87a8b1c79fd9b0d6d28edf2d0ffb3137660026196ca3b0c4dfeac6a4e7d568b3	exact_duplicate_within_train	train_clean	roboflow_drago_v1_183_jpg.rf.4c3a679ea6e2c464b4dfe8ca9911caeb.jpg
base_dataset	train	roboflow_drago_v1	Watermelon Detector.v1i.coco-segmentation\train\184_jpg.rf.760be8afbb51ffe0f664c3752bed907c.jpg	roboflow_drago_v1_184_jpg.rf.760be8afbb51ffe0f664c3752bed907c.jpg	roboflow_drago_v1_184_jpg.rf.760be8afbb51ffe0f664c3752bed907c.txt	1	roboflow_drago_v1::roboflow_drago_v1_184_jpg	54fed77fea2ba8e53b955decd94d7fcdde035cee2a1481b585e63af0ef107c17	clean_val_scene	val_clean	
base_dataset	train	roboflow_drago_v1	Watermelon Detector.v1i.coco-segmentation\train\185_jpg.rf.f6d4bc3d1eeb7806276318708679e068.jpg	roboflow_drago_v1_185_jpg.rf.f6d4bc3d1eeb7806276318708679e068.jpg	roboflow_drago_v1_185_jpg.rf.f6d4bc3d1eeb7806276318708679e068.txt	1	roboflow_drago_v1::roboflow_drago_v1_185_jpg	db8e77f295508f7647cc64b7409b492d8f9c9df969eda8f4d89872f36bf3d370	exact_duplicate_within_train	train_clean	roboflow_drago_v1_185_jpg.rf.5b9585bcf742ee186bbeb0fa8c013d0a.jpg
base_dataset	train	roboflow_drago_v1	Watermelon Detector.v1i.coco-segmentation\train\187_jpg.rf.2282d3334e86fa129306f6b3fe790539.jpg	roboflow_drago_v1_187_jpg.rf.2282d3334e86fa129306f6b3fe790539.jpg	roboflow_drago_v1_187_jpg.rf.2282d3334e86fa129306f6b3fe790539.txt	1	roboflow_drago_v1::roboflow_drago_v1_187_jpg	3642a63f0d41f8b8c1c94d0ef6e150728bbf60cd5bf151a8e378940e7997db2b	protected_test_scene	test	
base_dataset	train	roboflow_drago_v1	Watermelon Detector.v1i.coco-segmentation\train\187_jpg.rf.4291e6fc3bbadc6a35806a9512741f27.jpg	roboflow_drago_v1_187_jpg.rf.4291e6fc3bbadc6a35806a9512741f27.jpg	roboflow_drago_v1_187_jpg.rf.4291e6fc3bbadc6a35806a9512741f27.txt	1	roboflow_drago_v1::roboflow_drago_v1_187_jpg	3642a63f0d41f8b8c1c94d0ef6e150728bbf60cd5bf151a8e378940e7997db2b	protected_test_scene	test	
base_dataset	train	roboflow_drago_v1	Watermelon Detector.v1i.coco-segmentation\train\198_jpg.rf.7f532117e05aa3688e63abd47cce890c.jpg	roboflow_drago_v1_198_jpg.rf.7f532117e05aa3688e63abd47cce890c.jpg	roboflow_drago_v1_198_jpg.rf.7f532117e05aa3688e63abd47cce890c.txt	1	roboflow_drago_v1::roboflow_drago_v1_198_jpg	d2fa84713e432e19e7692afc878a6e7d380aa905e67ed5550f4f7a2c58864b40	exact_duplicate_within_train	train_clean	roboflow_drago_v1_198_jpg.rf.4ea0ef38339f8e580707d86a09384887.jpg
base_dataset	train	roboflow_drago_v1	Watermelon Detector.v1i.coco-segmentation\train\203_jpg.rf.19fe653139b1c981be35b6e0cabf1d37.jpg	roboflow_drago_v1_203_jpg.rf.19fe653139b1c981be35b6e0cabf1d37.jpg	roboflow_drago_v1_203_jpg.rf.19fe653139b1c981be35b6e0cabf1d37.txt	1	roboflow_drago_v1::roboflow_drago_v1_203_jpg	e36e16088050bd0f0a2b215dde56add661faba2deea5a5049b56b1cebdd39986	protected_test_scene	test	
base_dataset	train	roboflow_drago_v1	Watermelon Detector.v1i.coco-segmentation\train\203_jpg.rf.a23cbbe7f73657d34599eda7a812eff9.jpg	roboflow_drago_v1_203_jpg.rf.a23cbbe7f73657d34599eda7a812eff9.jpg	roboflow_drago_v1_203_jpg.rf.a23cbbe7f73657d34599eda7a812eff9.txt	1	roboflow_drago_v1::roboflow_drago_v1_203_jpg	1b15cefda1c8fe23db11c7f97e52ba5d0d7b868f4ab44a7c2a9d549b3cb26159	protected_test_scene	test	
base_dataset	train	roboflow_drago_v1	Watermelon Detector.v1i.coco-segmentation\train\211_jpg.rf.75e91e7dfa5916ab64cd077e8133e7ee.jpg	roboflow_drago_v1_211_jpg.rf.75e91e7dfa5916ab64cd077e8133e7ee.jpg	roboflow_drago_v1_211_jpg.rf.75e91e7dfa5916ab64cd077e8133e7ee.txt	1	roboflow_drago_v1::roboflow_drago_v1_211_jpg	8fc947b9d960c0d6ca433404e3daf4d91cbf753ff4a671c6caa10bd870b0e757	exact_duplicate_within_train	train_clean	roboflow_drago_v1_211_jpg.rf.35fdbfe55872c75211530ded80d0f980.jpg
base_dataset	train	roboflow_drago_v1	Watermelon Detector.v1i.coco-segmentation\train\212_jpg.rf.51338b2185ebdfb40adc538d49835b27.jpg	roboflow_drago_v1_212_jpg.rf.51338b2185ebdfb40adc538d49835b27.jpg	roboflow_drago_v1_212_jpg.rf.51338b2185ebdfb40adc538d49835b27.txt	1	roboflow_drago_v1::roboflow_drago_v1_212_jpg	38ce8509710f1e0f5e3851c003b5c062394cc6cd9d7b6adf68f39e9ddbeac5a0	clean_val_scene_and_sha256	val_clean	
base_dataset	train	roboflow_drago_v1	Watermelon Detector.v1i.coco-segmentation\train\215_jpg.rf.b06612e3f82a2ac408acbf7f585f17b3.jpg	roboflow_drago_v1_215_jpg.rf.b06612e3f82a2ac408acbf7f585f17b3.jpg	roboflow_drago_v1_215_jpg.rf.b06612e3f82a2ac408acbf7f585f17b3.txt	1	roboflow_drago_v1::roboflow_drago_v1_215_jpg	eac022e6f8755ca7ed2c3d6fadce20cd3f1bc923cd15ee173f13c9a814626599	protected_test_scene_and_sha256	test	
base_dataset	train	roboflow_drago_v1	Watermelon Detector.v1i.coco-segmentation\train\215_jpg.rf.bef4049c601679431c4c9435dfd22b9e.jpg	roboflow_drago_v1_215_jpg.rf.bef4049c601679431c4c9435dfd22b9e.jpg	roboflow_drago_v1_215_jpg.rf.bef4049c601679431c4c9435dfd22b9e.txt	1	roboflow_drago_v1::roboflow_drago_v1_215_jpg	48fc08bb016f97b1a57104f5365ddd24515088e4935db21c52b6829324f8ca61	protected_test_scene	test	
base_dataset	train	roboflow_drago_v1	Watermelon Detector.v1i.coco-segmentation\train\218_jpg.rf.07a7c21eecd786e72ffcc2bead6eb0eb.jpg	roboflow_drago_v1_218_jpg.rf.07a7c21eecd786e72ffcc2bead6eb0eb.jpg	roboflow_drago_v1_218_jpg.rf.07a7c21eecd786e72ffcc2bead6eb0eb.txt	4	roboflow_drago_v1::roboflow_drago_v1_218_jpg	586fc7085b65fb1d7410feb914b5785bddfcfca2584a69d1b00097578c3ec302	clean_val_scene	val_clean	
base_dataset	train	roboflow_drago_v1	Watermelon Detector.v1i.coco-segmentation\train\218_jpg.rf.f2bd4548fd011648c9595234442b3d9b.jpg	roboflow_drago_v1_218_jpg.rf.f2bd4548fd011648c9595234442b3d9b.jpg	roboflow_drago_v1_218_jpg.rf.f2bd4548fd011648c9595234442b3d9b.txt	4	roboflow_drago_v1::roboflow_drago_v1_218_jpg	4a0022bca6e63b649a8765dd16d1b64905011bc64a5a68237e785078ce735cbe	clean_val_scene	val_clean	
base_dataset	train	roboflow_drago_v1	Watermelon Detector.v1i.coco-segmentation\train\220_jpg.rf.d96dbc01c371431d50a15829087d8805.jpg	roboflow_drago_v1_220_jpg.rf.d96dbc01c371431d50a15829087d8805.jpg	roboflow_drago_v1_220_jpg.rf.d96dbc01c371431d50a15829087d8805.txt	1	roboflow_drago_v1::roboflow_drago_v1_220_jpg	49b4bb18de5983f6debc63db033791b6617958b936a9d49964827cd91fd558dd	exact_duplicate_within_train	train_clean	roboflow_drago_v1_220_jpg.rf.0699d63e4e4246e13f14f931f0ff3701.jpg
base_dataset	train	roboflow_drago_v1	Watermelon Detector.v1i.coco-segmentation\train\222_jpg.rf.15b734af1af11aa095fb08adc83cafc1.jpg	roboflow_drago_v1_222_jpg.rf.15b734af1af11aa095fb08adc83cafc1.jpg	roboflow_drago_v1_222_jpg.rf.15b734af1af11aa095fb08adc83cafc1.txt	1	roboflow_drago_v1::roboflow_drago_v1_222_jpg	3374854df796ad532dd7df96b359e4adbdc0ce875d5c3bef65553b879fbce858	clean_val_scene	val_clean	
base_dataset	train	roboflow_drago_v1	Watermelon Detector.v1i.coco-segmentation\train\222_jpg.rf.7232ac038bc68b1b5c9d97059145e183.jpg	roboflow_drago_v1_222_jpg.rf.7232ac038bc68b1b5c9d97059145e183.jpg	roboflow_drago_v1_222_jpg.rf.7232ac038bc68b1b5c9d97059145e183.txt	1	roboflow_drago_v1::roboflow_drago_v1_222_jpg	5f05b831c0a3599fc6edea7fecfc94f0a06d4a1703324e135edc360d212e8960	clean_val_scene	val_clean	
base_dataset	train	roboflow_drago_v1	Watermelon Detector.v1i.coco-segmentation\train\225_jpg.rf.8bef478ce3fc3ba3c1d76e47d1659656.jpg	roboflow_drago_v1_225_jpg.rf.8bef478ce3fc3ba3c1d76e47d1659656.jpg	roboflow_drago_v1_225_jpg.rf.8bef478ce3fc3ba3c1d76e47d1659656.txt	1	roboflow_drago_v1::roboflow_drago_v1_225_jpg	61078f4a5ba84138f0425ede3937a721c4bed594b86f6ef8d3b11da699607276	exact_duplicate_within_train	train_clean	roboflow_drago_v1_225_jpg.rf.62f2eb0432e0615a3444796ebcd530b5.jpg
base_dataset	train	roboflow_drago_v1	Watermelon Detector.v1i.coco-segmentation\train\226_jpg.rf.bf97ade3d2eaf1dec06af9f1503f5f06.jpg	roboflow_drago_v1_226_jpg.rf.bf97ade3d2eaf1dec06af9f1503f5f06.jpg	roboflow_drago_v1_226_jpg.rf.bf97ade3d2eaf1dec06af9f1503f5f06.txt	1	roboflow_drago_v1::roboflow_drago_v1_226_jpg	695794e353f026240b1d5ef65c1528353a3b83d930fc837fa9b947cce5b3b4a1	exact_duplicate_within_train	train_clean	roboflow_drago_v1_226_jpg.rf.7f5c91d532c83b1bcec09ffe1d8278be.jpg
base_dataset	train	roboflow_drago_v1	Watermelon Detector.v1i.coco-segmentation\train\227_jpg.rf.61078578d27ba112d4b1c35c553269ae.jpg	roboflow_drago_v1_227_jpg.rf.61078578d27ba112d4b1c35c553269ae.jpg	roboflow_drago_v1_227_jpg.rf.61078578d27ba112d4b1c35c553269ae.txt	3	roboflow_drago_v1::roboflow_drago_v1_227_jpg	4a72988690dc5b28029c7c77f8447166a4dbad697e4a1a915cde599d1204426e	protected_test_scene	test	
base_dataset	train	roboflow_drago_v1	Watermelon Detector.v1i.coco-segmentation\train\232_jpg.rf.05b77c5bff9562f5fd34b076fee4c66c.jpg	roboflow_drago_v1_232_jpg.rf.05b77c5bff9562f5fd34b076fee4c66c.jpg	roboflow_drago_v1_232_jpg.rf.05b77c5bff9562f5fd34b076fee4c66c.txt	1	roboflow_drago_v1::roboflow_drago_v1_232_jpg	86709c542eecd4cea935409ddef6ecb1ad4152ace56bd3e27fea85ecc8ddf2ce	clean_val_scene_and_sha256	val_clean	
base_dataset	train	roboflow_drago_v1	Watermelon Detector.v1i.coco-segmentation\train\232_jpg.rf.269a6d7f0df9e6fa8a597031ea3aac91.jpg	roboflow_drago_v1_232_jpg.rf.269a6d7f0df9e6fa8a597031ea3aac91.jpg	roboflow_drago_v1_232_jpg.rf.269a6d7f0df9e6fa8a597031ea3aac91.txt	1	roboflow_drago_v1::roboflow_drago_v1_232_jpg	c810fc65fdb0e51f99002d655750c6e3426e666cced3dd798e77ff9e1a01a242	clean_val_scene	val_clean	
base_dataset	train	roboflow_drago_v1	Watermelon Detector.v1i.coco-segmentation\train\233_jpg.rf.0fb0d8ddfbef3143acf11a9bcff3bfbe.jpg	roboflow_drago_v1_233_jpg.rf.0fb0d8ddfbef3143acf11a9bcff3bfbe.jpg	roboflow_drago_v1_233_jpg.rf.0fb0d8ddfbef3143acf11a9bcff3bfbe.txt	1	roboflow_drago_v1::roboflow_drago_v1_233_jpg	9f7f4e3875c205b6784df7947e76efd03e3fc6d9d1042db0c4663f3586b132e3	protected_test_scene	test	
base_dataset	train	roboflow_drago_v1	Watermelon Detector.v1i.coco-segmentation\train\233_jpg.rf.0fcc48ffc18441a9691bcc7a2ea4d790.jpg	roboflow_drago_v1_233_jpg.rf.0fcc48ffc18441a9691bcc7a2ea4d790.jpg	roboflow_drago_v1_233_jpg.rf.0fcc48ffc18441a9691bcc7a2ea4d790.txt	1	roboflow_drago_v1::roboflow_drago_v1_233_jpg	61bb8f7d62c22395c66ac4d9b23f42bbf6a86ea278739042b32aee28906d5d8c	protected_test_scene	test	
base_dataset	train	roboflow_drago_v1	Watermelon Detector.v1i.coco-segmentation\train\242_jpg.rf.7669ce5050ba96e9a8021e346faa3d81.jpg	roboflow_drago_v1_242_jpg.rf.7669ce5050ba96e9a8021e346faa3d81.jpg	roboflow_drago_v1_242_jpg.rf.7669ce5050ba96e9a8021e346faa3d81.txt	1	roboflow_drago_v1::roboflow_drago_v1_242_jpg	bb6a095dc211be020c7ae7f0357dbb65d43632f953330e59a32c8461f3a039b7	protected_test_scene	test	
base_dataset	train	roboflow_drago_v1	Watermelon Detector.v1i.coco-segmentation\train\242_jpg.rf.c1f871e912778af832e1b2ea9d7078fa.jpg	roboflow_drago_v1_242_jpg.rf.c1f871e912778af832e1b2ea9d7078fa.jpg	roboflow_drago_v1_242_jpg.rf.c1f871e912778af832e1b2ea9d7078fa.txt	1	roboflow_drago_v1::roboflow_drago_v1_242_jpg	bb6a095dc211be020c7ae7f0357dbb65d43632f953330e59a32c8461f3a039b7	protected_test_scene	test	
base_dataset	train	roboflow_drago_v1	Watermelon Detector.v1i.coco-segmentation\train\24_jpg.rf.83a470a8409808a8c0a04b5fd7af0076.jpg	roboflow_drago_v1_24_jpg.rf.83a470a8409808a8c0a04b5fd7af0076.jpg	roboflow_drago_v1_24_jpg.rf.83a470a8409808a8c0a04b5fd7af0076.txt	1	roboflow_drago_v1::roboflow_drago_v1_24_jpg	3a422ec269e3a5e8c27dd3fc80be862ba250c057a1b56a8b5564334ed9e93235	exact_duplicate_within_train	train_clean	roboflow_drago_v1_24_jpg.rf.139ebe062363aa59942e22d43ec3aac1.jpg
base_dataset	train	roboflow_drago_v1	Watermelon Detector.v1i.coco-segmentation\train\270_jpg.rf.cb5f4d9d5cd1166fcb3e0b236ecd221f.jpg	roboflow_drago_v1_270_jpg.rf.cb5f4d9d5cd1166fcb3e0b236ecd221f.jpg	roboflow_drago_v1_270_jpg.rf.cb5f4d9d5cd1166fcb3e0b236ecd221f.txt	1	roboflow_drago_v1::roboflow_drago_v1_270_jpg	b5691c08ed2642ab7e0078e3738638da08f9ec8cd22c2cc2562a0255dd8d95da	exact_duplicate_within_train	train_clean	roboflow_drago_v1_270_jpg.rf.897a5cc4abd7c27e88abca34cf80998e.jpg
base_dataset	train	roboflow_drago_v1	Watermelon Detector.v1i.coco-segmentation\train\272_jpg.rf.d463eea902ed1d383c33a65d27daa002.jpg	roboflow_drago_v1_272_jpg.rf.d463eea902ed1d383c33a65d27daa002.jpg	roboflow_drago_v1_272_jpg.rf.d463eea902ed1d383c33a65d27daa002.txt	1	roboflow_drago_v1::roboflow_drago_v1_272_jpg	b7ad7c4f40b4726443e35ff3326205d158f1d825f525e53c39dc7cf28976a5f1	exact_duplicate_within_train	train_clean	roboflow_drago_v1_272_jpg.rf.07b7f24fde9a0835ba7b2b9804a31e53.jpg
base_dataset	train	roboflow_drago_v1	Watermelon Detector.v1i.coco-segmentation\train\279_jpg.rf.bad877ccf35cf403aff1276a9fb2a923.jpg	roboflow_drago_v1_279_jpg.rf.bad877ccf35cf403aff1276a9fb2a923.jpg	roboflow_drago_v1_279_jpg.rf.bad877ccf35cf403aff1276a9fb2a923.txt	1	roboflow_drago_v1::roboflow_drago_v1_279_jpg	fc2bcbfc4be72b522f0af5a99270f7ab54895abe1913b1372efdd2f916436eb5	exact_duplicate_within_train	train_clean	roboflow_drago_v1_279_jpg.rf.12e314ee3a50739b601fe87d1b13e6b2.jpg
base_dataset	train	roboflow_drago_v1	Watermelon Detector.v1i.coco-segmentation\train\281_jpg.rf.8141815dfd8dfedffe690b326e603e87.jpg	roboflow_drago_v1_281_jpg.rf.8141815dfd8dfedffe690b326e603e87.jpg	roboflow_drago_v1_281_jpg.rf.8141815dfd8dfedffe690b326e603e87.txt	1	roboflow_drago_v1::roboflow_drago_v1_281_jpg	7b63743c521b7df31ad8b10fa69b998a810f8ed72339367342f94f2f9ec65ea8	clean_val_scene	val_clean	
base_dataset	train	roboflow_drago_v1	Watermelon Detector.v1i.coco-segmentation\train\282_jpg.rf.404a159b80d07e0d98b25fdd5f1f5b07.jpg	roboflow_drago_v1_282_jpg.rf.404a159b80d07e0d98b25fdd5f1f5b07.jpg	roboflow_drago_v1_282_jpg.rf.404a159b80d07e0d98b25fdd5f1f5b07.txt	1	roboflow_drago_v1::roboflow_drago_v1_282_jpg	4558325da0b1f1bf55fdec840a567f76a3a31809de9ee7cb4e3f24d49ac45e86	protected_test_scene	test	
base_dataset	train	roboflow_drago_v1	Watermelon Detector.v1i.coco-segmentation\train\282_jpg.rf.89dcb93b6f3391431ac74894ab3bf755.jpg	roboflow_drago_v1_282_jpg.rf.89dcb93b6f3391431ac74894ab3bf755.jpg	roboflow_drago_v1_282_jpg.rf.89dcb93b6f3391431ac74894ab3bf755.txt	1	roboflow_drago_v1::roboflow_drago_v1_282_jpg	4558325da0b1f1bf55fdec840a567f76a3a31809de9ee7cb4e3f24d49ac45e86	protected_test_scene	test	
base_dataset	train	roboflow_drago_v1	Watermelon Detector.v1i.coco-segmentation\train\289_jpg.rf.8c9ad021cdec26f07d9f8e60c89eada7.jpg	roboflow_drago_v1_289_jpg.rf.8c9ad021cdec26f07d9f8e60c89eada7.jpg	roboflow_drago_v1_289_jpg.rf.8c9ad021cdec26f07d9f8e60c89eada7.txt	1	roboflow_drago_v1::roboflow_drago_v1_289_jpg	d692ed6ab3bc3992e13c8a5dbca47a71b348726840f3fd69bf432245899473c6	protected_test_scene	test	
base_dataset	train	roboflow_drago_v1	Watermelon Detector.v1i.coco-segmentation\train\289_jpg.rf.c2e3e94733d46e1654364583c8536be5.jpg	roboflow_drago_v1_289_jpg.rf.c2e3e94733d46e1654364583c8536be5.jpg	roboflow_drago_v1_289_jpg.rf.c2e3e94733d46e1654364583c8536be5.txt	1	roboflow_drago_v1::roboflow_drago_v1_289_jpg	d5f7f5ac38ba7739173d9ac263fb438fc98b323e6e2ebc6be870bf388da8a6f1	protected_test_scene	test	
base_dataset	train	roboflow_drago_v1	Watermelon Detector.v1i.coco-segmentation\train\304_jpg.rf.cfc846b92a4a96ae590239efbc3df86c.jpg	roboflow_drago_v1_304_jpg.rf.cfc846b92a4a96ae590239efbc3df86c.jpg	roboflow_drago_v1_304_jpg.rf.cfc846b92a4a96ae590239efbc3df86c.txt	1	roboflow_drago_v1::roboflow_drago_v1_304_jpg	afd13f101c6d7ff37afec412387d77a433c18712e9a552821a88626b52000744	protected_test_scene	test	
base_dataset	train	roboflow_drago_v1	Watermelon Detector.v1i.coco-segmentation\train\326_jpg.rf.847d00ce96f3750ee2d0e9c3bec0a0b0.jpg	roboflow_drago_v1_326_jpg.rf.847d00ce96f3750ee2d0e9c3bec0a0b0.jpg	roboflow_drago_v1_326_jpg.rf.847d00ce96f3750ee2d0e9c3bec0a0b0.txt	1	roboflow_drago_v1::roboflow_drago_v1_326_jpg	bca321fa86ea47ec73728dd7e0e6e77a614a273d30ad5ad4cd676c5d0332ad93	clean_val_scene	val_clean	
base_dataset	train	roboflow_drago_v1	Watermelon Detector.v1i.coco-segmentation\train\327_jpg.rf.f44d0a764a627a3181380f6593596b8c.jpg	roboflow_drago_v1_327_jpg.rf.f44d0a764a627a3181380f6593596b8c.jpg	roboflow_drago_v1_327_jpg.rf.f44d0a764a627a3181380f6593596b8c.txt	1	roboflow_drago_v1::roboflow_drago_v1_327_jpg	601eca7f79cfac51e43a2fa7ebb66a7dcb39799649f07a1e0e0159cc08749249	exact_duplicate_within_train	train_clean	roboflow_drago_v1_327_jpg.rf.8d34a479d0646b47432a75c44f40c969.jpg
base_dataset	train	roboflow_drago_v1	Watermelon Detector.v1i.coco-segmentation\train\328_jpg.rf.2edf90b1baf0ea42cdf0bf034c1c96ea.jpg	roboflow_drago_v1_328_jpg.rf.2edf90b1baf0ea42cdf0bf034c1c96ea.jpg	roboflow_drago_v1_328_jpg.rf.2edf90b1baf0ea42cdf0bf034c1c96ea.txt	1	roboflow_drago_v1::roboflow_drago_v1_328_jpg	1e9d75ec0279cba5f0fa549cecbb718d02724d1225f87024a299b282a2981c79	protected_test_scene	test	
base_dataset	train	roboflow_drago_v1	Watermelon Detector.v1i.coco-segmentation\train\328_jpg.rf.589c7ea9103c9f1229ae532b4ceffe21.jpg	roboflow_drago_v1_328_jpg.rf.589c7ea9103c9f1229ae532b4ceffe21.jpg	roboflow_drago_v1_328_jpg.rf.589c7ea9103c9f1229ae532b4ceffe21.txt	1	roboflow_drago_v1::roboflow_drago_v1_328_jpg	729b48494ec95519c0f76c3ec03f695bbb3f80e8658562a2743f9a550f6781a6	protected_test_scene	test	
base_dataset	train	roboflow_drago_v1	Watermelon Detector.v1i.coco-segmentation\train\329_jpg.rf.ea2ec9f8397a010b45bf64bad1d01a42.jpg	roboflow_drago_v1_329_jpg.rf.ea2ec9f8397a010b45bf64bad1d01a42.jpg	roboflow_drago_v1_329_jpg.rf.ea2ec9f8397a010b45bf64bad1d01a42.txt	1	roboflow_drago_v1::roboflow_drago_v1_329_jpg	b027d67a30aecbf61ee7d3d516d642c1bcb4a50adee3b71d488f4beeb21e5fdc	exact_duplicate_within_train	train_clean	roboflow_drago_v1_329_jpg.rf.a81269f70a018c4b20e736463fc10bdc.jpg
base_dataset	train	roboflow_drago_v1	Watermelon Detector.v1i.coco-segmentation\train\340_jpg.rf.7f1a60e1d6e678f9cb82f39270715d55.jpg	roboflow_drago_v1_340_jpg.rf.7f1a60e1d6e678f9cb82f39270715d55.jpg	roboflow_drago_v1_340_jpg.rf.7f1a60e1d6e678f9cb82f39270715d55.txt	1	roboflow_drago_v1::roboflow_drago_v1_340_jpg	a6ef2c6689dad12c7f766a23dda06e8ac0c36d5a4baf3d00e4513ec6afe0aff0	protected_test_scene	test	
base_dataset	train	roboflow_drago_v1	Watermelon Detector.v1i.coco-segmentation\train\340_jpg.rf.aa4506bdf088e9ec3f83f07b62f9d18d.jpg	roboflow_drago_v1_340_jpg.rf.aa4506bdf088e9ec3f83f07b62f9d18d.jpg	roboflow_drago_v1_340_jpg.rf.aa4506bdf088e9ec3f83f07b62f9d18d.txt	1	roboflow_drago_v1::roboflow_drago_v1_340_jpg	adb8cb1545a8d5601fea49ccdf00a90ae2c869d0d010621731966b172ae14f13	protected_test_scene	test	
base_dataset	train	roboflow_drago_v1	Watermelon Detector.v1i.coco-segmentation\train\342_jpg.rf.d4930fef03d59c0c6c12c706c4d0fba3.jpg	roboflow_drago_v1_342_jpg.rf.d4930fef03d59c0c6c12c706c4d0fba3.jpg	roboflow_drago_v1_342_jpg.rf.d4930fef03d59c0c6c12c706c4d0fba3.txt	2	roboflow_drago_v1::roboflow_drago_v1_342_jpg	16afb815f91c3730053c3382e9681d2a68fcf9a91c1c6139c101601bdb255f4a	exact_duplicate_within_train	train_clean	roboflow_drago_v1_342_jpg.rf.40e4927b5c335371cd429406375435e1.jpg
base_dataset	train	roboflow_drago_v1	Watermelon Detector.v1i.coco-segmentation\train\345_jpg.rf.13204af135aa6ff869e9307b55f9c902.jpg	roboflow_drago_v1_345_jpg.rf.13204af135aa6ff869e9307b55f9c902.jpg	roboflow_drago_v1_345_jpg.rf.13204af135aa6ff869e9307b55f9c902.txt	1	roboflow_drago_v1::roboflow_drago_v1_345_jpg	aabb8fa40a9ddaf8f65cf7eb6598732fceac8fc715577322025358de2edf536d	protected_test_scene	test	
base_dataset	train	roboflow_drago_v1	Watermelon Detector.v1i.coco-segmentation\train\345_jpg.rf.6ab4fa2afa065e66adc8332b5b736eba.jpg	roboflow_drago_v1_345_jpg.rf.6ab4fa2afa065e66adc8332b5b736eba.jpg	roboflow_drago_v1_345_jpg.rf.6ab4fa2afa065e66adc8332b5b736eba.txt	1	roboflow_drago_v1::roboflow_drago_v1_345_jpg	b525b8ca8189b0838b76e886bdf947d5d35d2312ea1cb426459ff871b9ae0138	protected_test_scene	test	
base_dataset	train	roboflow_drago_v1	Watermelon Detector.v1i.coco-segmentation\train\349_jpg.rf.8acce7e439634a2125f47c286ecf2a6f.jpg	roboflow_drago_v1_349_jpg.rf.8acce7e439634a2125f47c286ecf2a6f.jpg	roboflow_drago_v1_349_jpg.rf.8acce7e439634a2125f47c286ecf2a6f.txt	1	roboflow_drago_v1::roboflow_drago_v1_349_jpg	bea66a6796f289512468a99c01cf6c1d180c0dc9a8b442d515d045035eeab904	clean_val_scene	val_clean	
base_dataset	train	roboflow_drago_v1	Watermelon Detector.v1i.coco-segmentation\train\34_jpg.rf.fc150632bf5bb228d867d50353bc03a2.jpg	roboflow_drago_v1_34_jpg.rf.fc150632bf5bb228d867d50353bc03a2.jpg	roboflow_drago_v1_34_jpg.rf.fc150632bf5bb228d867d50353bc03a2.txt	1	roboflow_drago_v1::roboflow_drago_v1_34_jpg	8e236e5e621b8ab3b71c6502403f5f6683dab86f3bf4099fa35d1bcf31732c6b	exact_duplicate_within_train	train_clean	roboflow_drago_v1_34_jpg.rf.f423a591d88d04c2d2ed2034ae48377c.jpg
base_dataset	train	roboflow_drago_v1	Watermelon Detector.v1i.coco-segmentation\train\356_jpg.rf.8c10323700e751b7d86636247c299255.jpg	roboflow_drago_v1_356_jpg.rf.8c10323700e751b7d86636247c299255.jpg	roboflow_drago_v1_356_jpg.rf.8c10323700e751b7d86636247c299255.txt	1	roboflow_drago_v1::roboflow_drago_v1_356_jpg	0d6e73fe66206b8116e8d2c35a3305ba08ae511cd3f5bf65478ad19de35aa454	clean_val_scene	val_clean	
base_dataset	train	roboflow_drago_v1	Watermelon Detector.v1i.coco-segmentation\train\356_jpg.rf.9e8faec7f4ec8826283fbd649c8adfa2.jpg	roboflow_drago_v1_356_jpg.rf.9e8faec7f4ec8826283fbd649c8adfa2.jpg	roboflow_drago_v1_356_jpg.rf.9e8faec7f4ec8826283fbd649c8adfa2.txt	1	roboflow_drago_v1::roboflow_drago_v1_356_jpg	cca75b52da705e734d77a6b37d9c7049671e9a41f88eb36b4141cbb6a91084e4	clean_val_scene_and_sha256	val_clean	
base_dataset	train	roboflow_drago_v1	Watermelon Detector.v1i.coco-segmentation\train\365_jpg.rf.d193131983735e91ad66a7ed03f22c7c.jpg	roboflow_drago_v1_365_jpg.rf.d193131983735e91ad66a7ed03f22c7c.jpg	roboflow_drago_v1_365_jpg.rf.d193131983735e91ad66a7ed03f22c7c.txt	1	roboflow_drago_v1::roboflow_drago_v1_365_jpg	3eb4439ab5db1e4173f88e8a9f75ea0594ab8edcb50e1f890cf280333162667c	exact_duplicate_within_train	train_clean	roboflow_drago_v1_365_jpg.rf.8e529cb171abddb286e502668484fcca.jpg
base_dataset	train	roboflow_drago_v1	Watermelon Detector.v1i.coco-segmentation\train\366_jpg.rf.38977735f56488d14017b52d9ffabea5.jpg	roboflow_drago_v1_366_jpg.rf.38977735f56488d14017b52d9ffabea5.jpg	roboflow_drago_v1_366_jpg.rf.38977735f56488d14017b52d9ffabea5.txt	1	roboflow_drago_v1::roboflow_drago_v1_366_jpg	070f443a0a6d12fe6259d73262cdffcd4c82b204a8314a7ab42501945620dec4	exact_duplicate_within_train	train_clean	roboflow_drago_v1_366_jpg.rf.17bbd4929f4e568c73b110413d53f1e2.jpg
base_dataset	train	roboflow_drago_v1	Watermelon Detector.v1i.coco-segmentation\train\376_jpg.rf.fd5364a7205886c9520a673abb770c56.jpg	roboflow_drago_v1_376_jpg.rf.fd5364a7205886c9520a673abb770c56.jpg	roboflow_drago_v1_376_jpg.rf.fd5364a7205886c9520a673abb770c56.txt	1	roboflow_drago_v1::roboflow_drago_v1_376_jpg	2000e240c556026671f5ffd5e16b89976d1bb984355ccdf90a0b5fcae93a2752	exact_duplicate_within_train	train_clean	roboflow_drago_v1_376_jpg.rf.f24675d7057b5ef477b6947e33f79bbe.jpg
base_dataset	train	roboflow_drago_v1	Watermelon Detector.v1i.coco-segmentation\train\379_jpg.rf.a370e264d7b9249721aed131345df5a1.jpg	roboflow_drago_v1_379_jpg.rf.a370e264d7b9249721aed131345df5a1.jpg	roboflow_drago_v1_379_jpg.rf.a370e264d7b9249721aed131345df5a1.txt	1	roboflow_drago_v1::roboflow_drago_v1_379_jpg	a5087e7dedfec033ae9a50c355fabddffbcb9fab694f24fd02c9c7e8aacdeaa2	clean_val_scene_and_sha256	val_clean	
base_dataset	train	roboflow_drago_v1	Watermelon Detector.v1i.coco-segmentation\train\379_jpg.rf.f2fac0eb21467e52e26548f68d1e689c.jpg	roboflow_drago_v1_379_jpg.rf.f2fac0eb21467e52e26548f68d1e689c.jpg	roboflow_drago_v1_379_jpg.rf.f2fac0eb21467e52e26548f68d1e689c.txt	1	roboflow_drago_v1::roboflow_drago_v1_379_jpg	d0a49b38ac2e04e25018c04f61a4bcf9df8dd895fe1bb26a686454ade40997c8	clean_val_scene	val_clean	
base_dataset	train	roboflow_drago_v1	Watermelon Detector.v1i.coco-segmentation\train\380_jpg.rf.ae09481bc3c119a53a17fda822a43967.jpg	roboflow_drago_v1_380_jpg.rf.ae09481bc3c119a53a17fda822a43967.jpg	roboflow_drago_v1_380_jpg.rf.ae09481bc3c119a53a17fda822a43967.txt	1	roboflow_drago_v1::roboflow_drago_v1_380_jpg	67ffcd3acf4ce7b14466ece76a67cd24912427eed3f33f8d0a3658b63523aec9	protected_test_scene	test	
base_dataset	train	roboflow_drago_v1	Watermelon Detector.v1i.coco-segmentation\train\383_jpg.rf.bb1c36d2009c9031c2938cecea5fbfa8.jpg	roboflow_drago_v1_383_jpg.rf.bb1c36d2009c9031c2938cecea5fbfa8.jpg	roboflow_drago_v1_383_jpg.rf.bb1c36d2009c9031c2938cecea5fbfa8.txt	1	roboflow_drago_v1::roboflow_drago_v1_383_jpg	435e0585c1b7ee6da03b5b635c72528307296655710a9432a543c4035cc5baa9	exact_duplicate_within_train	train_clean	roboflow_drago_v1_383_jpg.rf.a47e72c10b821c486b558cb4841b1f52.jpg
base_dataset	train	roboflow_drago_v1	Watermelon Detector.v1i.coco-segmentation\train\391-Copy_jpg.rf.1a69054d1e5b28276006e1e74cd48b2c.jpg	roboflow_drago_v1_391-Copy_jpg.rf.1a69054d1e5b28276006e1e74cd48b2c.jpg	roboflow_drago_v1_391-Copy_jpg.rf.1a69054d1e5b28276006e1e74cd48b2c.txt	1	roboflow_drago_v1::roboflow_drago_v1_391-copy_jpg	5d4e67590a00dc0317948c8868ed4c015de5b96a51bf394c28c155eb0f5926eb	protected_test_scene_and_sha256	test	
base_dataset	train	roboflow_drago_v1	Watermelon Detector.v1i.coco-segmentation\train\392-Copy_jpg.rf.962afe74b1518a44d81c977adb272ac9.jpg	roboflow_drago_v1_392-Copy_jpg.rf.962afe74b1518a44d81c977adb272ac9.jpg	roboflow_drago_v1_392-Copy_jpg.rf.962afe74b1518a44d81c977adb272ac9.txt	1	roboflow_drago_v1::roboflow_drago_v1_392-copy_jpg	f6beefa091f1d1c6baa2e5e32195463d1bd678c64b8c3125c3ec2b79c96f23af	protected_test_scene	test	
base_dataset	train	roboflow_drago_v1	Watermelon Detector.v1i.coco-segmentation\train\395_jpg.rf.3cf33247f5fadc8e4d94e543963a1397.jpg	roboflow_drago_v1_395_jpg.rf.3cf33247f5fadc8e4d94e543963a1397.jpg	roboflow_drago_v1_395_jpg.rf.3cf33247f5fadc8e4d94e543963a1397.txt	1	roboflow_drago_v1::roboflow_drago_v1_395_jpg	3bdc744372dc8edc2c8418f2cf4582118ffb054e4f93c2c6df1f5f76ae609342	protected_test_scene_and_sha256	test	
base_dataset	train	roboflow_drago_v1	Watermelon Detector.v1i.coco-segmentation\train\395_jpg.rf.f66839dbc7be61046dea3957dd22cc6e.jpg	roboflow_drago_v1_395_jpg.rf.f66839dbc7be61046dea3957dd22cc6e.jpg	roboflow_drago_v1_395_jpg.rf.f66839dbc7be61046dea3957dd22cc6e.txt	1	roboflow_drago_v1::roboflow_drago_v1_395_jpg	b1361ad5088435e75d767b864479af7e964a86acba5406e9f33c449f4a0c8882	protected_test_scene	test	
base_dataset	train	roboflow_drago_v1	Watermelon Detector.v1i.coco-segmentation\train\397_jpg.rf.511ec7d2c3df05b15e2a920443019530.jpg	roboflow_drago_v1_397_jpg.rf.511ec7d2c3df05b15e2a920443019530.jpg	roboflow_drago_v1_397_jpg.rf.511ec7d2c3df05b15e2a920443019530.txt	1	roboflow_drago_v1::roboflow_drago_v1_397_jpg	accc1658b3ba0785a09c38eaf7c52d1489b0fdf6022e8d9d5d9f2ba0ec531d1f	protected_test_scene	test	
base_dataset	train	roboflow_drago_v1	Watermelon Detector.v1i.coco-segmentation\train\397_jpg.rf.9a46b188aa4cc784bb7fe725906ce175.jpg	roboflow_drago_v1_397_jpg.rf.9a46b188aa4cc784bb7fe725906ce175.jpg	roboflow_drago_v1_397_jpg.rf.9a46b188aa4cc784bb7fe725906ce175.txt	1	roboflow_drago_v1::roboflow_drago_v1_397_jpg	c09c0000c7e6865da9b9f599c3e027ac08779e97c7308edd43a77163ca09dfbd	protected_test_scene	test	
base_dataset	train	roboflow_drago_v1	Watermelon Detector.v1i.coco-segmentation\train\413-Copy_jpg.rf.0a98ec2e8a0267e59ae0df7a9999a54e.jpg	roboflow_drago_v1_413-Copy_jpg.rf.0a98ec2e8a0267e59ae0df7a9999a54e.jpg	roboflow_drago_v1_413-Copy_jpg.rf.0a98ec2e8a0267e59ae0df7a9999a54e.txt	1	roboflow_drago_v1::roboflow_drago_v1_413-copy_jpg	ba6188abe80a95f94682fb54b916362dacb740d4f0558f0e5884da23643cd428	clean_val_scene_and_sha256	val_clean	
base_dataset	train	roboflow_drago_v1	Watermelon Detector.v1i.coco-segmentation\train\433-Copy_jpg.rf.a01f005f377f14581b16b1c8087ad0c9.jpg	roboflow_drago_v1_433-Copy_jpg.rf.a01f005f377f14581b16b1c8087ad0c9.jpg	roboflow_drago_v1_433-Copy_jpg.rf.a01f005f377f14581b16b1c8087ad0c9.txt	1	roboflow_drago_v1::roboflow_drago_v1_433-copy_jpg	e6aad61312fa982b5958f134473df9ce78ee4fcc805c81a3cd11ba51a6ee9f9c	clean_val_scene	val_clean	
base_dataset	train	roboflow_drago_v1	Watermelon Detector.v1i.coco-segmentation\train\434-Copy_jpg.rf.6d59d83da2b204b6bff749c41b1f187f.jpg	roboflow_drago_v1_434-Copy_jpg.rf.6d59d83da2b204b6bff749c41b1f187f.jpg	roboflow_drago_v1_434-Copy_jpg.rf.6d59d83da2b204b6bff749c41b1f187f.txt	1	roboflow_drago_v1::roboflow_drago_v1_434-copy_jpg	762260fdf30b93f4092db0079e5cd4109feaa657c98b89dbf0ffbe911cbb1e97	exact_duplicate_within_train	train_clean	roboflow_drago_v1_434-Copy_jpg.rf.18b0881e0794bf74968bfc2ffd0d97fb.jpg
base_dataset	train	roboflow_drago_v1	Watermelon Detector.v1i.coco-segmentation\train\445-Copy_jpg.rf.751b5e16c143879f81586aff5633f334.jpg	roboflow_drago_v1_445-Copy_jpg.rf.751b5e16c143879f81586aff5633f334.jpg	roboflow_drago_v1_445-Copy_jpg.rf.751b5e16c143879f81586aff5633f334.txt	1	roboflow_drago_v1::roboflow_drago_v1_445-copy_jpg	8353a221bcbb635b623a98db4f00211c9b47e3cb2e5fc11d86e6f02cef23a9d7	exact_duplicate_within_train	train_clean	roboflow_drago_v1_445-Copy_jpg.rf.40bb93179f103364cef66a6fac3b9376.jpg
base_dataset	train	roboflow_drago_v1	Watermelon Detector.v1i.coco-segmentation\train\450-Copy_jpg.rf.bfa44ba890744b78a58e0ecd2e36a5ae.jpg	roboflow_drago_v1_450-Copy_jpg.rf.bfa44ba890744b78a58e0ecd2e36a5ae.jpg	roboflow_drago_v1_450-Copy_jpg.rf.bfa44ba890744b78a58e0ecd2e36a5ae.txt	4	roboflow_drago_v1::roboflow_drago_v1_450-copy_jpg	18bc3e4dfe886d82fccf987a8ef4ed438564542535a75be79d4eed316ce8a707	exact_duplicate_within_train	train_clean	roboflow_drago_v1_450-Copy_jpg.rf.72d0b1305f711111bc8c5b219f77b2b4.jpg
base_dataset	train	roboflow_drago_v1	Watermelon Detector.v1i.coco-segmentation\train\464-Copy_jpg.rf.99469f408f6afcef7d6bd27b8c2c184f.jpg	roboflow_drago_v1_464-Copy_jpg.rf.99469f408f6afcef7d6bd27b8c2c184f.jpg	roboflow_drago_v1_464-Copy_jpg.rf.99469f408f6afcef7d6bd27b8c2c184f.txt	2	roboflow_drago_v1::roboflow_drago_v1_464-copy_jpg	49ae6f825cc02b1ba144afc8560d467375d4d8421dcf76455f3a0e82ca11dd09	clean_val_scene	val_clean	
base_dataset	train	roboflow_drago_v1	Watermelon Detector.v1i.coco-segmentation\train\464-Copy_jpg.rf.e00d1c0460a06bc44406b2fa7b9b1331.jpg	roboflow_drago_v1_464-Copy_jpg.rf.e00d1c0460a06bc44406b2fa7b9b1331.jpg	roboflow_drago_v1_464-Copy_jpg.rf.e00d1c0460a06bc44406b2fa7b9b1331.txt	2	roboflow_drago_v1::roboflow_drago_v1_464-copy_jpg	7ec11234d99bdab8275590a891867322919f16f219055eaf1ee32d4bb3ea4028	clean_val_scene_and_sha256	val_clean	
base_dataset	train	roboflow_drago_v1	Watermelon Detector.v1i.coco-segmentation\train\46_jpg.rf.b05ac3cc5124ebf9974152d66b8a8e53.jpg	roboflow_drago_v1_46_jpg.rf.b05ac3cc5124ebf9974152d66b8a8e53.jpg	roboflow_drago_v1_46_jpg.rf.b05ac3cc5124ebf9974152d66b8a8e53.txt	1	roboflow_drago_v1::roboflow_drago_v1_46_jpg	9f65a7bfae34d28bf98cc1ec7265c9dfdffa5c78e1ce2ec9d96cc4ba59403879	protected_test_scene	test	
base_dataset	train	roboflow_drago_v1	Watermelon Detector.v1i.coco-segmentation\train\479-Copy_jpg.rf.7398d710acba25ad7ed77fd0d38fe462.jpg	roboflow_drago_v1_479-Copy_jpg.rf.7398d710acba25ad7ed77fd0d38fe462.jpg	roboflow_drago_v1_479-Copy_jpg.rf.7398d710acba25ad7ed77fd0d38fe462.txt	1	roboflow_drago_v1::roboflow_drago_v1_479-copy_jpg	bcc9c84c472934149e793ad80fbb8e05f7079175e5b135bfba3fda639b8b9ffd	clean_val_scene	val_clean	
base_dataset	train	roboflow_drago_v1	Watermelon Detector.v1i.coco-segmentation\train\479-Copy_jpg.rf.8d78cf2b5a24d44fc379b2e0925cf73b.jpg	roboflow_drago_v1_479-Copy_jpg.rf.8d78cf2b5a24d44fc379b2e0925cf73b.jpg	roboflow_drago_v1_479-Copy_jpg.rf.8d78cf2b5a24d44fc379b2e0925cf73b.txt	1	roboflow_drago_v1::roboflow_drago_v1_479-copy_jpg	bcc9c84c472934149e793ad80fbb8e05f7079175e5b135bfba3fda639b8b9ffd	clean_val_scene	val_clean	
base_dataset	train	roboflow_drago_v1	Watermelon Detector.v1i.coco-segmentation\train\502-Copy_jpg.rf.95abcb531c6bb2aa2a700f25c9172da7.jpg	roboflow_drago_v1_502-Copy_jpg.rf.95abcb531c6bb2aa2a700f25c9172da7.jpg	roboflow_drago_v1_502-Copy_jpg.rf.95abcb531c6bb2aa2a700f25c9172da7.txt	1	roboflow_drago_v1::roboflow_drago_v1_502-copy_jpg	aee5344e6981d8d32412d4beebcb7448f43856de1736d1b61272d3a96a9627e4	protected_test_scene_and_sha256	test	
base_dataset	train	roboflow_drago_v1	Watermelon Detector.v1i.coco-segmentation\train\507-Copy_jpg.rf.cdbe8e6007272ca2e63998207a1e57e6.jpg	roboflow_drago_v1_507-Copy_jpg.rf.cdbe8e6007272ca2e63998207a1e57e6.jpg	roboflow_drago_v1_507-Copy_jpg.rf.cdbe8e6007272ca2e63998207a1e57e6.txt	2	roboflow_drago_v1::roboflow_drago_v1_507-copy_jpg	4a82d129b137965a4fd408fad046434e086c2bb7ad6c4e73f48e9662955b6fc4	protected_test_scene	test	
base_dataset	train	roboflow_drago_v1	Watermelon Detector.v1i.coco-segmentation\train\507-Copy_jpg.rf.dd8ea45bf5004db1deffe36422869de4.jpg	roboflow_drago_v1_507-Copy_jpg.rf.dd8ea45bf5004db1deffe36422869de4.jpg	roboflow_drago_v1_507-Copy_jpg.rf.dd8ea45bf5004db1deffe36422869de4.txt	2	roboflow_drago_v1::roboflow_drago_v1_507-copy_jpg	4ad57cc2fe3d3e3255a2fc706e5d1947ace8efbdbaf2085877dd7b6839f23e34	protected_test_scene_and_sha256	test	
base_dataset	train	roboflow_drago_v1	Watermelon Detector.v1i.coco-segmentation\train\50_jpg.rf.56ce2bbcbeea645660809b89b4f2a7b1.jpg	roboflow_drago_v1_50_jpg.rf.56ce2bbcbeea645660809b89b4f2a7b1.jpg	roboflow_drago_v1_50_jpg.rf.56ce2bbcbeea645660809b89b4f2a7b1.txt	2	roboflow_drago_v1::roboflow_drago_v1_50_jpg	d5acfba13c11cff4e5fbeb54aa2391de5a24679a822a6ac0c6c11c3363e312fc	exact_duplicate_within_train	train_clean	roboflow_drago_v1_50_jpg.rf.28a82357e315fcfb7a3cf7362427c5ed.jpg
base_dataset	train	roboflow_drago_v1	Watermelon Detector.v1i.coco-segmentation\train\523-Copy_jpg.rf.fc4c0b22e466ca07f7610a39172a04e5.jpg	roboflow_drago_v1_523-Copy_jpg.rf.fc4c0b22e466ca07f7610a39172a04e5.jpg	roboflow_drago_v1_523-Copy_jpg.rf.fc4c0b22e466ca07f7610a39172a04e5.txt	2	roboflow_drago_v1::roboflow_drago_v1_523-copy_jpg	7030dfdf4338d31b0326935f74b2fd49652a24962cfe727f4cec9d208e9dcd4d	clean_val_scene	val_clean	
base_dataset	train	roboflow_drago_v1	Watermelon Detector.v1i.coco-segmentation\train\525-Copy_jpg.rf.26b7410b0f853fe2d814e1c6a5542095.jpg	roboflow_drago_v1_525-Copy_jpg.rf.26b7410b0f853fe2d814e1c6a5542095.jpg	roboflow_drago_v1_525-Copy_jpg.rf.26b7410b0f853fe2d814e1c6a5542095.txt	2	roboflow_drago_v1::roboflow_drago_v1_525-copy_jpg	c588767d3ac11ac61682ac6f7614afb5f19619e15a8e44d4c2bcbf73e120955b	protected_test_scene	test	
base_dataset	train	roboflow_drago_v1	Watermelon Detector.v1i.coco-segmentation\train\52_jpg.rf.4fa49d52c3cb670ce25d2198c1e9c8d1.jpg	roboflow_drago_v1_52_jpg.rf.4fa49d52c3cb670ce25d2198c1e9c8d1.jpg	roboflow_drago_v1_52_jpg.rf.4fa49d52c3cb670ce25d2198c1e9c8d1.txt	1	roboflow_drago_v1::roboflow_drago_v1_52_jpg	5589742e1d4e28548a5a58577e88d74b10e655b7953d99d3c9987928c1acd13f	protected_test_scene	test	
base_dataset	train	roboflow_drago_v1	Watermelon Detector.v1i.coco-segmentation\train\52_jpg.rf.bf495524b521faf6ca5902a89dd9ece2.jpg	roboflow_drago_v1_52_jpg.rf.bf495524b521faf6ca5902a89dd9ece2.jpg	roboflow_drago_v1_52_jpg.rf.bf495524b521faf6ca5902a89dd9ece2.txt	1	roboflow_drago_v1::roboflow_drago_v1_52_jpg	d6ea25cda1bd457859868e34bc9756b12580521387b42c5343701b5897c8bce3	protected_test_scene_and_sha256	test	
base_dataset	train	roboflow_drago_v1	Watermelon Detector.v1i.coco-segmentation\train\534-Copy_jpg.rf.a34f124183bddd8aec6633aeb23a54ad.jpg	roboflow_drago_v1_534-Copy_jpg.rf.a34f124183bddd8aec6633aeb23a54ad.jpg	roboflow_drago_v1_534-Copy_jpg.rf.a34f124183bddd8aec6633aeb23a54ad.txt	2	roboflow_drago_v1::roboflow_drago_v1_534-copy_jpg	bad2486affb7c9e310f42e485cc04246d3bebe42b1e0ccecc0f0d65b49dfc6d9	exact_duplicate_within_train	train_clean	roboflow_drago_v1_534-Copy_jpg.rf.63334378c11b24bc4d2fdc7ed1bf612b.jpg
base_dataset	train	roboflow_drago_v1	Watermelon Detector.v1i.coco-segmentation\train\537-Copy_jpg.rf.5b9523f67228d7605ba23b8c1964dfe3.jpg	roboflow_drago_v1_537-Copy_jpg.rf.5b9523f67228d7605ba23b8c1964dfe3.jpg	roboflow_drago_v1_537-Copy_jpg.rf.5b9523f67228d7605ba23b8c1964dfe3.txt	1	roboflow_drago_v1::roboflow_drago_v1_537-copy_jpg	157041c2f7d0736f044c616b07532dea1c644700483e792c55dff3b78c639aa6	protected_test_scene	test	
base_dataset	train	roboflow_drago_v1	Watermelon Detector.v1i.coco-segmentation\train\53_jpg.rf.62e9361b2084f2943abb28c56e241095.jpg	roboflow_drago_v1_53_jpg.rf.62e9361b2084f2943abb28c56e241095.jpg	roboflow_drago_v1_53_jpg.rf.62e9361b2084f2943abb28c56e241095.txt	3	roboflow_drago_v1::roboflow_drago_v1_53_jpg	67bffc2070a049d663afaadf68e8f1468bfd1657d5b28cf8bcc469a58e91d350	exact_duplicate_within_train	train_clean	roboflow_drago_v1_53_jpg.rf.5f41978f91a971d379ff2a0d6b009c20.jpg
base_dataset	train	roboflow_drago_v1	Watermelon Detector.v1i.coco-segmentation\train\544-Copy_jpg.rf.a8e7603cb95682b788d33f823ddeea9e.jpg	roboflow_drago_v1_544-Copy_jpg.rf.a8e7603cb95682b788d33f823ddeea9e.jpg	roboflow_drago_v1_544-Copy_jpg.rf.a8e7603cb95682b788d33f823ddeea9e.txt	1	roboflow_drago_v1::roboflow_drago_v1_544-copy_jpg	bd64696d8a543dd512fe3fee5477720c32a5e13a892b011f52bfeb80044c441b	protected_test_scene_and_sha256	test	
base_dataset	train	roboflow_drago_v1	Watermelon Detector.v1i.coco-segmentation\train\544-Copy_jpg.rf.e2e287e51118c5e9892c88b6f7da548a.jpg	roboflow_drago_v1_544-Copy_jpg.rf.e2e287e51118c5e9892c88b6f7da548a.jpg	roboflow_drago_v1_544-Copy_jpg.rf.e2e287e51118c5e9892c88b6f7da548a.txt	1	roboflow_drago_v1::roboflow_drago_v1_544-copy_jpg	248554a04bf1857cd10070e1809f9848238b557101ad45d92effbc5457247d9e	protected_test_scene	test	
base_dataset	train	roboflow_drago_v1	Watermelon Detector.v1i.coco-segmentation\train\54_jpg.rf.efe74a42c761f36407c671235a445207.jpg	roboflow_drago_v1_54_jpg.rf.efe74a42c761f36407c671235a445207.jpg	roboflow_drago_v1_54_jpg.rf.efe74a42c761f36407c671235a445207.txt	1	roboflow_drago_v1::roboflow_drago_v1_54_jpg	8f5c0f528543e03675bc3647cb3372b0740470c6814c196848646fd39c933504	exact_duplicate_within_train	train_clean	roboflow_drago_v1_54_jpg.rf.49ef7652c290b674132a7cfa57a713c1.jpg
base_dataset	train	roboflow_drago_v1	Watermelon Detector.v1i.coco-segmentation\train\556-Copy_jpg.rf.1dd48f673fd0452c2a933dfd16661ca8.jpg	roboflow_drago_v1_556-Copy_jpg.rf.1dd48f673fd0452c2a933dfd16661ca8.jpg	roboflow_drago_v1_556-Copy_jpg.rf.1dd48f673fd0452c2a933dfd16661ca8.txt	1	roboflow_drago_v1::roboflow_drago_v1_556-copy_jpg	2849d71a88949d8f9c75a9b1393d5d5e8e57f1b27c809a828b9e88d9f42ad3ef	clean_val_scene_and_sha256	val_clean	
base_dataset	train	roboflow_drago_v1	Watermelon Detector.v1i.coco-segmentation\train\556-Copy_jpg.rf.b55105d88de4069f88b54854918c9175.jpg	roboflow_drago_v1_556-Copy_jpg.rf.b55105d88de4069f88b54854918c9175.jpg	roboflow_drago_v1_556-Copy_jpg.rf.b55105d88de4069f88b54854918c9175.txt	1	roboflow_drago_v1::roboflow_drago_v1_556-copy_jpg	b9ff0e536b768de62eaff68591bc41a7acf8b713c4d78b3cebf218b96e5467eb	clean_val_scene	val_clean	
base_dataset	train	roboflow_drago_v1	Watermelon Detector.v1i.coco-segmentation\train\577_jpg.rf.4a47d0bef02b31e57011661c273f0ce3.jpg	roboflow_drago_v1_577_jpg.rf.4a47d0bef02b31e57011661c273f0ce3.jpg	roboflow_drago_v1_577_jpg.rf.4a47d0bef02b31e57011661c273f0ce3.txt	1	roboflow_drago_v1::roboflow_drago_v1_577_jpg	ec45fdb9aa7d0620119f2b6c28da22aecdb4ef2598a5aa66d1155fcb7f895a89	protected_test_scene	test	
base_dataset	train	roboflow_drago_v1	Watermelon Detector.v1i.coco-segmentation\train\580_jpg.rf.35ab3cecd8024b6f4d571c099018e227.jpg	roboflow_drago_v1_580_jpg.rf.35ab3cecd8024b6f4d571c099018e227.jpg	roboflow_drago_v1_580_jpg.rf.35ab3cecd8024b6f4d571c099018e227.txt	2	roboflow_drago_v1::roboflow_drago_v1_580_jpg	a1588e310fa4401c744df1baa5d5b956fdce81c55c6cd16750867788fdd56df3	protected_test_scene_and_sha256	test	
base_dataset	train	roboflow_drago_v1	Watermelon Detector.v1i.coco-segmentation\train\580_jpg.rf.b9283536903ebf84310a4df2e60e503f.jpg	roboflow_drago_v1_580_jpg.rf.b9283536903ebf84310a4df2e60e503f.jpg	roboflow_drago_v1_580_jpg.rf.b9283536903ebf84310a4df2e60e503f.txt	2	roboflow_drago_v1::roboflow_drago_v1_580_jpg	0e137fc7cc68333811005d75886a8505b7037ba559ab14c56899ca5a0c679696	protected_test_scene	test	
base_dataset	train	roboflow_drago_v1	Watermelon Detector.v1i.coco-segmentation\train\587_jpg.rf.2b30172fc4de082d1d37b4b7a2679729.jpg	roboflow_drago_v1_587_jpg.rf.2b30172fc4de082d1d37b4b7a2679729.jpg	roboflow_drago_v1_587_jpg.rf.2b30172fc4de082d1d37b4b7a2679729.txt	1	roboflow_drago_v1::roboflow_drago_v1_587_jpg	1b1fd5bc0d974daac9262b7a959bb6f46b4f2da1e9d567606a064ead2c4f82df	protected_test_scene	test	
base_dataset	train	roboflow_drago_v1	Watermelon Detector.v1i.coco-segmentation\train\587_jpg.rf.3ea76295fa579e2f78cf6b8492603374.jpg	roboflow_drago_v1_587_jpg.rf.3ea76295fa579e2f78cf6b8492603374.jpg	roboflow_drago_v1_587_jpg.rf.3ea76295fa579e2f78cf6b8492603374.txt	1	roboflow_drago_v1::roboflow_drago_v1_587_jpg	d01013d1c9933e031ae17eb9080d0f858dc82a0b2eab8fd189c016978c71b88f	protected_test_scene	test	
base_dataset	train	roboflow_drago_v1	Watermelon Detector.v1i.coco-segmentation\train\59_jpg.rf.1d41455a045614370841319829774115.jpg	roboflow_drago_v1_59_jpg.rf.1d41455a045614370841319829774115.jpg	roboflow_drago_v1_59_jpg.rf.1d41455a045614370841319829774115.txt	1	roboflow_drago_v1::roboflow_drago_v1_59_jpg	97ad1eace6f91f45b0c5b26502ffedae784c6edf452240449f61c78dc2101bdd	protected_test_scene	test	
base_dataset	train	roboflow_drago_v1	Watermelon Detector.v1i.coco-segmentation\train\59_jpg.rf.4dd988fe0bb19f7d86e9ed283d1c824a.jpg	roboflow_drago_v1_59_jpg.rf.4dd988fe0bb19f7d86e9ed283d1c824a.jpg	roboflow_drago_v1_59_jpg.rf.4dd988fe0bb19f7d86e9ed283d1c824a.txt	1	roboflow_drago_v1::roboflow_drago_v1_59_jpg	e1e5d1fa8f1582e483ae2154083e9982e4959f73d93313c8307f8dff676dbe85	protected_test_scene	test	
base_dataset	train	roboflow_drago_v1	Watermelon Detector.v1i.coco-segmentation\train\603_jpg.rf.33cb978962f2eca80011a5b708b82fd6.jpg	roboflow_drago_v1_603_jpg.rf.33cb978962f2eca80011a5b708b82fd6.jpg	roboflow_drago_v1_603_jpg.rf.33cb978962f2eca80011a5b708b82fd6.txt	1	roboflow_drago_v1::roboflow_drago_v1_603_jpg	b2f0f88cfa3a87a54a0f396b35e8c0a88a23f806df50c3a40e6a28fbc376b547	exact_duplicate_within_train	train_clean	roboflow_drago_v1_603_jpg.rf.26758010bfdaff2d090834ce87e42f56.jpg
base_dataset	train	roboflow_drago_v1	Watermelon Detector.v1i.coco-segmentation\train\604_jpg.rf.6a9649b0caedc8ab4251995622a6e3e8.jpg	roboflow_drago_v1_604_jpg.rf.6a9649b0caedc8ab4251995622a6e3e8.jpg	roboflow_drago_v1_604_jpg.rf.6a9649b0caedc8ab4251995622a6e3e8.txt	1	roboflow_drago_v1::roboflow_drago_v1_604_jpg	d3520f9305396c5d78a2274c4bce21e8ed961c11fdcd16522781aa312ae01c3c	protected_test_scene	test	
base_dataset	train	roboflow_drago_v1	Watermelon Detector.v1i.coco-segmentation\train\605_jpg.rf.f599b80a46830cb8719624605299e63b.jpg	roboflow_drago_v1_605_jpg.rf.f599b80a46830cb8719624605299e63b.jpg	roboflow_drago_v1_605_jpg.rf.f599b80a46830cb8719624605299e63b.txt	1	roboflow_drago_v1::roboflow_drago_v1_605_jpg	935d3b803a195d81ed10223115ec94e6492875b6ef0809d2aa028893709955df	protected_test_scene	test	
base_dataset	train	roboflow_drago_v1	Watermelon Detector.v1i.coco-segmentation\train\607_jpg.rf.df165dd036fce1bd9d81611d649513a4.jpg	roboflow_drago_v1_607_jpg.rf.df165dd036fce1bd9d81611d649513a4.jpg	roboflow_drago_v1_607_jpg.rf.df165dd036fce1bd9d81611d649513a4.txt	1	roboflow_drago_v1::roboflow_drago_v1_607_jpg	88c8297f13a2f879c6fcf6a947190284370125a157ff12925a1c5f6e16d3a2ff	exact_duplicate_within_train	train_clean	roboflow_drago_v1_607_jpg.rf.09a130952d324f3c7aad36cebedc1179.jpg
base_dataset	train	roboflow_drago_v1	Watermelon Detector.v1i.coco-segmentation\train\609_jpg.rf.70840c11f8362c09b72696c280acbd90.jpg	roboflow_drago_v1_609_jpg.rf.70840c11f8362c09b72696c280acbd90.jpg	roboflow_drago_v1_609_jpg.rf.70840c11f8362c09b72696c280acbd90.txt	1	roboflow_drago_v1::roboflow_drago_v1_609_jpg	121383d224e8ac7d608f90be02ef765c0bb6f5ab609b11867244ea8435cb74f5	exact_duplicate_within_train	train_clean	roboflow_drago_v1_609_jpg.rf.38cb015b3f45cec322dbffba899bf96b.jpg
base_dataset	train	roboflow_drago_v1	Watermelon Detector.v1i.coco-segmentation\train\615_jpg.rf.f158ae8908bfaea14a7e80cf9635546f.jpg	roboflow_drago_v1_615_jpg.rf.f158ae8908bfaea14a7e80cf9635546f.jpg	roboflow_drago_v1_615_jpg.rf.f158ae8908bfaea14a7e80cf9635546f.txt	1	roboflow_drago_v1::roboflow_drago_v1_615_jpg	69218cf28ac133c6f5c1af56ba6f26a7f8450b8745d75e5466599f82e586e9ea	exact_duplicate_within_train	train_clean	roboflow_drago_v1_615_jpg.rf.4890f7d1237bdd00d4a67e6f7ac18b06.jpg
base_dataset	train	roboflow_drago_v1	Watermelon Detector.v1i.coco-segmentation\train\616_jpg.rf.8b7f6f88497fc2255a6ea3f0a9da0e3f.jpg	roboflow_drago_v1_616_jpg.rf.8b7f6f88497fc2255a6ea3f0a9da0e3f.jpg	roboflow_drago_v1_616_jpg.rf.8b7f6f88497fc2255a6ea3f0a9da0e3f.txt	1	roboflow_drago_v1::roboflow_drago_v1_616_jpg	eaa412acc6fefcf97dcecd5320724850877a63cfe119c86a722cf7eb24978d45	clean_val_scene_and_sha256	val_clean	
base_dataset	train	roboflow_drago_v1	Watermelon Detector.v1i.coco-segmentation\train\63_jpg.rf.8d443fb4ac69b3675785067a8c84d02d.jpg	roboflow_drago_v1_63_jpg.rf.8d443fb4ac69b3675785067a8c84d02d.jpg	roboflow_drago_v1_63_jpg.rf.8d443fb4ac69b3675785067a8c84d02d.txt	1	roboflow_drago_v1::roboflow_drago_v1_63_jpg	3f7151c53ac5f7a637f9bc18e648df85999ed5e8defc224e636afd38f410c379	clean_val_scene	val_clean	
base_dataset	train	roboflow_drago_v1	Watermelon Detector.v1i.coco-segmentation\train\644_jpg.rf.d2de89ee85251e026f3bd6d79ebe7b82.jpg	roboflow_drago_v1_644_jpg.rf.d2de89ee85251e026f3bd6d79ebe7b82.jpg	roboflow_drago_v1_644_jpg.rf.d2de89ee85251e026f3bd6d79ebe7b82.txt	1	roboflow_drago_v1::roboflow_drago_v1_644_jpg	638fe368ddda9f31e3b93e9182de80a9663ff374903dbe0f5b69e4794a6c48b1	exact_duplicate_within_train	train_clean	roboflow_drago_v1_644_jpg.rf.ae5c397d43d05e30a551239fa738a12e.jpg
base_dataset	train	roboflow_drago_v1	Watermelon Detector.v1i.coco-segmentation\train\64_jpg.rf.a6ccb17605cac1534689216c533d7030.jpg	roboflow_drago_v1_64_jpg.rf.a6ccb17605cac1534689216c533d7030.jpg	roboflow_drago_v1_64_jpg.rf.a6ccb17605cac1534689216c533d7030.txt	1	roboflow_drago_v1::roboflow_drago_v1_64_jpg	3fdc3d8609eb32ee88a72823fef665fa7d868dedce673c0887d577fd0645137d	exact_duplicate_within_train	train_clean	roboflow_drago_v1_64_jpg.rf.61fdd3577ab8106e836178fabad1a736.jpg
base_dataset	train	roboflow_drago_v1	Watermelon Detector.v1i.coco-segmentation\train\650_jpg.rf.193fbfcb01c3aad14553833e410348b3.jpg	roboflow_drago_v1_650_jpg.rf.193fbfcb01c3aad14553833e410348b3.jpg	roboflow_drago_v1_650_jpg.rf.193fbfcb01c3aad14553833e410348b3.txt	1	roboflow_drago_v1::roboflow_drago_v1_650_jpg	3034d60a1af822a4ea373981272ee3629f43c4393e595ef0ff40c6944124a131	protected_test_scene	test	
base_dataset	train	roboflow_drago_v1	Watermelon Detector.v1i.coco-segmentation\train\650_jpg.rf.4307ffff1a3732048bef403903809996.jpg	roboflow_drago_v1_650_jpg.rf.4307ffff1a3732048bef403903809996.jpg	roboflow_drago_v1_650_jpg.rf.4307ffff1a3732048bef403903809996.txt	1	roboflow_drago_v1::roboflow_drago_v1_650_jpg	2f2c56b5f6df405e567bc524368db54f73c32490b767ac96e7be1f0fb587aeba	protected_test_scene	test	
base_dataset	train	roboflow_drago_v1	Watermelon Detector.v1i.coco-segmentation\train\654_jpg.rf.77127b5e89d9c9f4919181538d44b8ab.jpg	roboflow_drago_v1_654_jpg.rf.77127b5e89d9c9f4919181538d44b8ab.jpg	roboflow_drago_v1_654_jpg.rf.77127b5e89d9c9f4919181538d44b8ab.txt	1	roboflow_drago_v1::roboflow_drago_v1_654_jpg	50ea9aad8bfbd4de58e651a0d1e47a49a3a0c4085e89e60cc6d5714a65f3a98c	protected_test_scene	test	
base_dataset	train	roboflow_drago_v1	Watermelon Detector.v1i.coco-segmentation\train\660_jpg.rf.90380532531bb95fe3d0bf3081a547eb.jpg	roboflow_drago_v1_660_jpg.rf.90380532531bb95fe3d0bf3081a547eb.jpg	roboflow_drago_v1_660_jpg.rf.90380532531bb95fe3d0bf3081a547eb.txt	1	roboflow_drago_v1::roboflow_drago_v1_660_jpg	2801a4a41033da2c686e6b7765abb62b5942e0add04ef0e7e56818d231f3acb6	exact_duplicate_within_train	train_clean	roboflow_drago_v1_660_jpg.rf.767c9f964a333cc41f020f19a4158565.jpg
base_dataset	train	roboflow_drago_v1	Watermelon Detector.v1i.coco-segmentation\train\663_jpg.rf.d17e025d97123223f568a401ecd643e4.jpg	roboflow_drago_v1_663_jpg.rf.d17e025d97123223f568a401ecd643e4.jpg	roboflow_drago_v1_663_jpg.rf.d17e025d97123223f568a401ecd643e4.txt	2	roboflow_drago_v1::roboflow_drago_v1_663_jpg	3bc458d646ca515374f2d5ff633387485a7a8758bb6ddb11199ae6de7e963a57	clean_val_scene	val_clean	
base_dataset	train	roboflow_drago_v1	Watermelon Detector.v1i.coco-segmentation\train\663_jpg.rf.e5905002654800ae1aec75d6ef8e74a0.jpg	roboflow_drago_v1_663_jpg.rf.e5905002654800ae1aec75d6ef8e74a0.jpg	roboflow_drago_v1_663_jpg.rf.e5905002654800ae1aec75d6ef8e74a0.txt	2	roboflow_drago_v1::roboflow_drago_v1_663_jpg	6b91ff29e018f76cd10ccea0e3f5af1b8828b26db92058fa27544ca3a31fe13d	clean_val_scene	val_clean	
base_dataset	train	roboflow_drago_v1	Watermelon Detector.v1i.coco-segmentation\train\664_jpg.rf.b2e8bd5c248eaca78173e527bd7f3964.jpg	roboflow_drago_v1_664_jpg.rf.b2e8bd5c248eaca78173e527bd7f3964.jpg	roboflow_drago_v1_664_jpg.rf.b2e8bd5c248eaca78173e527bd7f3964.txt	1	roboflow_drago_v1::roboflow_drago_v1_664_jpg	082736592ad60b30cdaa8ff73107a9720ff22c9a224e123f8646000f71e18c66	clean_val_scene	val_clean	
base_dataset	train	roboflow_drago_v1	Watermelon Detector.v1i.coco-segmentation\train\664_jpg.rf.cc8cd7fe2d5d778edb21b7fb9580bfe8.jpg	roboflow_drago_v1_664_jpg.rf.cc8cd7fe2d5d778edb21b7fb9580bfe8.jpg	roboflow_drago_v1_664_jpg.rf.cc8cd7fe2d5d778edb21b7fb9580bfe8.txt	1	roboflow_drago_v1::roboflow_drago_v1_664_jpg	29e20561778a1223de1cc43040d868787158ac3e77437cd50da5b66152510646	clean_val_scene_and_sha256	val_clean	
base_dataset	train	roboflow_drago_v1	Watermelon Detector.v1i.coco-segmentation\train\665_jpg.rf.22163343c8f66dc04c2b08c5b0861a9d.jpg	roboflow_drago_v1_665_jpg.rf.22163343c8f66dc04c2b08c5b0861a9d.jpg	roboflow_drago_v1_665_jpg.rf.22163343c8f66dc04c2b08c5b0861a9d.txt	1	roboflow_drago_v1::roboflow_drago_v1_665_jpg	2f5f10d84e051f3b91f1f0fe158d03646fa283ce0d9cb680c308391427c0d211	clean_val_scene	val_clean	
base_dataset	train	roboflow_drago_v1	Watermelon Detector.v1i.coco-segmentation\train\665_jpg.rf.927ba1fa11f2c7d035290a4731c6225e.jpg	roboflow_drago_v1_665_jpg.rf.927ba1fa11f2c7d035290a4731c6225e.jpg	roboflow_drago_v1_665_jpg.rf.927ba1fa11f2c7d035290a4731c6225e.txt	1	roboflow_drago_v1::roboflow_drago_v1_665_jpg	2f5f10d84e051f3b91f1f0fe158d03646fa283ce0d9cb680c308391427c0d211	clean_val_scene	val_clean	
base_dataset	train	roboflow_drago_v1	Watermelon Detector.v1i.coco-segmentation\train\671_jpg.rf.f8806721f00f09918d7f9742c2d9a4cd.jpg	roboflow_drago_v1_671_jpg.rf.f8806721f00f09918d7f9742c2d9a4cd.jpg	roboflow_drago_v1_671_jpg.rf.f8806721f00f09918d7f9742c2d9a4cd.txt	1	roboflow_drago_v1::roboflow_drago_v1_671_jpg	5b3858912241d6667265d87f6f416281d5c57c94481f994e59e59777b0573cca	exact_duplicate_within_train	train_clean	roboflow_drago_v1_671_jpg.rf.ea182376281a49c97ad865d9ece0a5f2.jpg
base_dataset	train	roboflow_drago_v1	Watermelon Detector.v1i.coco-segmentation\train\683_jpg.rf.0816e512dfd9ac681cadd17aa963943a.jpg	roboflow_drago_v1_683_jpg.rf.0816e512dfd9ac681cadd17aa963943a.jpg	roboflow_drago_v1_683_jpg.rf.0816e512dfd9ac681cadd17aa963943a.txt	1	roboflow_drago_v1::roboflow_drago_v1_683_jpg	36d68db926a3f74938a529ae1cb96d382f1c58ab97f7a96ce5a85cf83d46f98f	clean_val_scene_and_sha256	val_clean	
base_dataset	train	roboflow_drago_v1	Watermelon Detector.v1i.coco-segmentation\train\683_jpg.rf.3826f01d70b8ec59f605e034a7fd8e75.jpg	roboflow_drago_v1_683_jpg.rf.3826f01d70b8ec59f605e034a7fd8e75.jpg	roboflow_drago_v1_683_jpg.rf.3826f01d70b8ec59f605e034a7fd8e75.txt	1	roboflow_drago_v1::roboflow_drago_v1_683_jpg	5d7e51bcbecbaca8b9e1dfa5f445bbcafc4a40a1fb0f284d1588dc80ab0cc3fc	clean_val_scene	val_clean	
base_dataset	train	roboflow_drago_v1	Watermelon Detector.v1i.coco-segmentation\train\74_jpg.rf.dac9a2aeb9741cc9d65acebdc05f29a8.jpg	roboflow_drago_v1_74_jpg.rf.dac9a2aeb9741cc9d65acebdc05f29a8.jpg	roboflow_drago_v1_74_jpg.rf.dac9a2aeb9741cc9d65acebdc05f29a8.txt	1	roboflow_drago_v1::roboflow_drago_v1_74_jpg	c60ecd23b1d9b74d18468c51eb8f2ff158f6877975dd3b847fd39713a01b6b81	exact_duplicate_within_train	train_clean	roboflow_drago_v1_74_jpg.rf.bc63c3db017fc0799068ca4f3bfdcd6d.jpg
base_dataset	train	roboflow_drago_v1	Watermelon Detector.v1i.coco-segmentation\train\75_jpg.rf.9bca0a27a4c850cf0481a9eb1b9b5887.jpg	roboflow_drago_v1_75_jpg.rf.9bca0a27a4c850cf0481a9eb1b9b5887.jpg	roboflow_drago_v1_75_jpg.rf.9bca0a27a4c850cf0481a9eb1b9b5887.txt	1	roboflow_drago_v1::roboflow_drago_v1_75_jpg	4f47290ae59015df32cd645edfd2e501ec49ac5219def111810dd1cfd5e430e1	protected_test_scene	test	
base_dataset	train	roboflow_drago_v1	Watermelon Detector.v1i.coco-segmentation\train\77_jpg.rf.72f6d398380b380ff5fcb3bba136ae71.jpg	roboflow_drago_v1_77_jpg.rf.72f6d398380b380ff5fcb3bba136ae71.jpg	roboflow_drago_v1_77_jpg.rf.72f6d398380b380ff5fcb3bba136ae71.txt	2	roboflow_drago_v1::roboflow_drago_v1_77_jpg	d032892111b027e7f6a1ea79c1a999b0e761861d0ff2ae6d58240703ba9d2582	exact_duplicate_within_train	train_clean	roboflow_drago_v1_77_jpg.rf.6357d22a3dc440437c7bcf6fda4e616a.jpg
base_dataset	train	roboflow_drago_v1	Watermelon Detector.v1i.coco-segmentation\train\86_jpg.rf.b4a7dc71a4d68109d37c8065d2846243.jpg	roboflow_drago_v1_86_jpg.rf.b4a7dc71a4d68109d37c8065d2846243.jpg	roboflow_drago_v1_86_jpg.rf.b4a7dc71a4d68109d37c8065d2846243.txt	1	roboflow_drago_v1::roboflow_drago_v1_86_jpg	a375eb3413442e7704eb541ffb97e02ca9429e55f6139b726d871e8ae724fdc1	exact_duplicate_within_train	train_clean	roboflow_drago_v1_86_jpg.rf.381ab1957bab9effe457ef232bd634fe.jpg
base_dataset	train	roboflow_drago_v1	Watermelon Detector.v1i.coco-segmentation\train\89_jpg.rf.964925fe7a13f1563661edb6ee5320e9.jpg	roboflow_drago_v1_89_jpg.rf.964925fe7a13f1563661edb6ee5320e9.jpg	roboflow_drago_v1_89_jpg.rf.964925fe7a13f1563661edb6ee5320e9.txt	1	roboflow_drago_v1::roboflow_drago_v1_89_jpg	3c89f36b3ce13b0856b542158384483e22e3f33aa93bad5ebb47078b1de5c6aa	exact_duplicate_within_train	train_clean	roboflow_drago_v1_89_jpg.rf.0c8f54efb1892b660e28816e3104a546.jpg
base_dataset	train	roboflow_drago_v1	Watermelon Detector.v1i.coco-segmentation\train\91_jpg.rf.5dd44194b9d6059ad11ecc4f37bbc31b.jpg	roboflow_drago_v1_91_jpg.rf.5dd44194b9d6059ad11ecc4f37bbc31b.jpg	roboflow_drago_v1_91_jpg.rf.5dd44194b9d6059ad11ecc4f37bbc31b.txt	1	roboflow_drago_v1::roboflow_drago_v1_91_jpg	6005152eeb12740bb4167afc168a09d24556f29bc6d373a38095da08b7147563	protected_test_scene	test	
base_dataset	train	roboflow_drago_v1	Watermelon Detector.v1i.coco-segmentation\train\91_jpg.rf.a9a6d43c4730bbd96344eed088aaa22f.jpg	roboflow_drago_v1_91_jpg.rf.a9a6d43c4730bbd96344eed088aaa22f.jpg	roboflow_drago_v1_91_jpg.rf.a9a6d43c4730bbd96344eed088aaa22f.txt	1	roboflow_drago_v1::roboflow_drago_v1_91_jpg	fa77312a50cde850438096567f339855beaef274b2e74689615a73b212c3550d	protected_test_scene_and_sha256	test	
base_dataset	train	roboflow_drago_v1	Watermelon Detector.v1i.coco-segmentation\train\93_jpg.rf.59e23a4f5939a73b865992fd3d4ce84a.jpg	roboflow_drago_v1_93_jpg.rf.59e23a4f5939a73b865992fd3d4ce84a.jpg	roboflow_drago_v1_93_jpg.rf.59e23a4f5939a73b865992fd3d4ce84a.txt	1	roboflow_drago_v1::roboflow_drago_v1_93_jpg	2504d9e30a9b81b5b70000c0544daab31fc76b47519a0e24ac8a77f2fe8f9cc1	exact_duplicate_within_train	train_clean	roboflow_drago_v1_93_jpg.rf.1894578241e52bdc1b04d73d8e82d8df.jpg
base_dataset	train	roboflow_drago_v1	Watermelon Detector.v1i.coco-segmentation\train\94_jpg.rf.9f43e39821a6b8efc85d4eb4c5acd01c.jpg	roboflow_drago_v1_94_jpg.rf.9f43e39821a6b8efc85d4eb4c5acd01c.jpg	roboflow_drago_v1_94_jpg.rf.9f43e39821a6b8efc85d4eb4c5acd01c.txt	1	roboflow_drago_v1::roboflow_drago_v1_94_jpg	6ff79d9e65512cad870f708ec5a729967b119d5cada3475eac76c6f0edede4ba	exact_duplicate_within_train	train_clean	roboflow_drago_v1_94_jpg.rf.90a847e42bd1affe39f1eb9b1df4e8a3.jpg
base_dataset	train	roboflow_drago_v1	Watermelon Detector.v1i.coco-segmentation\train\95_jpg.rf.51b641b5d0df61de634ff13794043aae.jpg	roboflow_drago_v1_95_jpg.rf.51b641b5d0df61de634ff13794043aae.jpg	roboflow_drago_v1_95_jpg.rf.51b641b5d0df61de634ff13794043aae.txt	2	roboflow_drago_v1::roboflow_drago_v1_95_jpg	254f5abe2645e6db909b7e2a0d4195f8c17d328c90089c94f0523c48c2964e59	clean_val_scene	val_clean	
base_dataset	train	roboflow_drago_v1	Watermelon Detector.v1i.coco-segmentation\train\96_jpg.rf.c8f9b232d03768715580e1d89f5a585a.jpg	roboflow_drago_v1_96_jpg.rf.c8f9b232d03768715580e1d89f5a585a.jpg	roboflow_drago_v1_96_jpg.rf.c8f9b232d03768715580e1d89f5a585a.txt	1	roboflow_drago_v1::roboflow_drago_v1_96_jpg	ca7b90ad86641cbaa4339a89e5b055060ef1275f8a7c8cdb4e695da4017036f2	exact_duplicate_within_train	train_clean	roboflow_drago_v1_96_jpg.rf.c0a7cce660d670e57b1192bff432d66f.jpg
base_dataset	train	roboflow_drago_v1	Watermelon Detector.v1i.coco-segmentation\train\99_jpg.rf.500b7cbf1f8a8e2088168c5f3ee5ed92.jpg	roboflow_drago_v1_99_jpg.rf.500b7cbf1f8a8e2088168c5f3ee5ed92.jpg	roboflow_drago_v1_99_jpg.rf.500b7cbf1f8a8e2088168c5f3ee5ed92.txt	1	roboflow_drago_v1::roboflow_drago_v1_99_jpg	57dc3f5fdce5f6440f6d2f86519da0b9fa6900492a48414eef5294203687f76c	protected_test_scene	test	
base_dataset	train	roboflow_drago_v1	Watermelon Detector.v1i.coco-segmentation\train\99_jpg.rf.60ef65258f99d5c372f3a1c9592a7c5d.jpg	roboflow_drago_v1_99_jpg.rf.60ef65258f99d5c372f3a1c9592a7c5d.jpg	roboflow_drago_v1_99_jpg.rf.60ef65258f99d5c372f3a1c9592a7c5d.txt	1	roboflow_drago_v1::roboflow_drago_v1_99_jpg	6753f1fd5fd3fd44286f4957b8fcad73fd7913af9700cc7974b5e02aec7b3adb	protected_test_scene	test	
base_dataset	val	roboflow_drago_v1	Watermelon Detector.v1i.coco-segmentation\train\284_jpg.rf.2f1bb22df409e24cd332141bcf4e54c4.jpg	roboflow_drago_v1_284_jpg.rf.2f1bb22df409e24cd332141bcf4e54c4.jpg	roboflow_drago_v1_284_jpg.rf.2f1bb22df409e24cd332141bcf4e54c4.txt	1	roboflow_drago_v1::roboflow_drago_v1_284_jpg	b0d29563ee8a4d32a97b36d723be93e2c2d36d80a95b1226bf6c6626b05ba2f3	protected_test_scene	test	
base_dataset	val	roboflow_drago_v1	Watermelon Detector.v1i.coco-segmentation\train\391-Copy_jpg.rf.5c2477670f63155058a34c4e66c25da1.jpg	roboflow_drago_v1_391-Copy_jpg.rf.5c2477670f63155058a34c4e66c25da1.jpg	roboflow_drago_v1_391-Copy_jpg.rf.5c2477670f63155058a34c4e66c25da1.txt	1	roboflow_drago_v1::roboflow_drago_v1_391-copy_jpg	04e5e19687e17973301e889cf9520f90fabc974fd0918f23057464e06f3762d5	protected_test_scene	test	
base_dataset	val	roboflow_drago_v1	Watermelon Detector.v1i.coco-segmentation\train\392-Copy_jpg.rf.2253b4de0ffe0c3ff5036356b951f8ff.jpg	roboflow_drago_v1_392-Copy_jpg.rf.2253b4de0ffe0c3ff5036356b951f8ff.jpg	roboflow_drago_v1_392-Copy_jpg.rf.2253b4de0ffe0c3ff5036356b951f8ff.txt	1	roboflow_drago_v1::roboflow_drago_v1_392-copy_jpg	4c31de3725b83c6749cf4a4a656c93bed674842646262ae17d4f28b91606a2cf	protected_test_scene	test	
base_dataset	val	roboflow_drago_v1	Watermelon Detector.v1i.coco-segmentation\train\525-Copy_jpg.rf.0f4b28e9a0ff783438cd40f1b5386f7e.jpg	roboflow_drago_v1_525-Copy_jpg.rf.0f4b28e9a0ff783438cd40f1b5386f7e.jpg	roboflow_drago_v1_525-Copy_jpg.rf.0f4b28e9a0ff783438cd40f1b5386f7e.txt	2	roboflow_drago_v1::roboflow_drago_v1_525-copy_jpg	804960b7e9c0827172abb3e2ac50e2c4ba524d44bb03630dc04c742e939fc7ad	protected_test_scene	test	
base_dataset	val	roboflow_drago_v1	Watermelon Detector.v1i.coco-segmentation\train\594_jpg.rf.018bb85d7897ab94ae011921f035a482.jpg	roboflow_drago_v1_594_jpg.rf.018bb85d7897ab94ae011921f035a482.jpg	roboflow_drago_v1_594_jpg.rf.018bb85d7897ab94ae011921f035a482.txt	2	roboflow_drago_v1::roboflow_drago_v1_594_jpg	1585541f667b8e16c70186ecc0e8a19196ffbab0f89d983481ee1ce057f862f0	protected_test_scene	test	
test_scene_unique_view	test	roboflow_drago_v1	Watermelon Detector.v1i.coco-segmentation\train\384_jpg.rf.e0670ea7fc6bc1fbfacb44e0462e536f.jpg	roboflow_drago_v1_384_jpg.rf.e0670ea7fc6bc1fbfacb44e0462e536f.jpg	roboflow_drago_v1_384_jpg.rf.e0670ea7fc6bc1fbfacb44e0462e536f.txt	1	roboflow_drago_v1::roboflow_drago_v1_384_jpg	c4111acec8a1c25e6af2474bdc3112f979a173e524b411461eefdcf5e8ec8882	scene_duplicate_within_test	test_frozen	roboflow_drago_v1_384_jpg.rf.bf15d7bd3c96755256c0b8b310d76631.jpg
test_scene_unique_view	test	roboflow_drago_v1	Watermelon Detector.v1i.coco-segmentation\train\46_jpg.rf.63f646555fca40a3834869cfbb1cdb39.jpg	roboflow_drago_v1_46_jpg.rf.63f646555fca40a3834869cfbb1cdb39.jpg	roboflow_drago_v1_46_jpg.rf.63f646555fca40a3834869cfbb1cdb39.txt	1	roboflow_drago_v1::roboflow_drago_v1_46_jpg	643851805689979929feea5553183c42ea4387a1c6d6933fdac5ed0e5e8fa7b0	scene_duplicate_within_test	test_frozen	roboflow_drago_v1_46_jpg.rf.2227e03485d0bf985f3ffe25e5104fe2.jpg
test_scene_unique_view	test	roboflow_drago_v1	Watermelon Detector.v1i.coco-segmentation\train\577_jpg.rf.cf0439c19ed3a20b4c5ff7a2fda00df4.jpg	roboflow_drago_v1_577_jpg.rf.cf0439c19ed3a20b4c5ff7a2fda00df4.jpg	roboflow_drago_v1_577_jpg.rf.cf0439c19ed3a20b4c5ff7a2fda00df4.txt	1	roboflow_drago_v1::roboflow_drago_v1_577_jpg	0b5d97a644f199a601e481105c629983f7ed4e0b05ce6e980296414d4eccd0e6	scene_duplicate_within_test	test_frozen	roboflow_drago_v1_577_jpg.rf.2dfc6b917ab618de64129a827cdae067.jpg
test_scene_unique_view	test	roboflow_drago_v1	Watermelon Detector.v1i.coco-segmentation\train\594_jpg.rf.f417240d87fec5c61c8fad1cb95e53cd.jpg	roboflow_drago_v1_594_jpg.rf.f417240d87fec5c61c8fad1cb95e53cd.jpg	roboflow_drago_v1_594_jpg.rf.f417240d87fec5c61c8fad1cb95e53cd.txt	2	roboflow_drago_v1::roboflow_drago_v1_594_jpg	b9d2f6bf83e8abbacc5b3dee783da04ea7f85260ad3edcb7b85dc3a6ed13411d	scene_duplicate_within_test	test_frozen	roboflow_drago_v1_594_jpg.rf.b6fbcc197c504e9d3876e25e48336b72.jpg
